============================================================
  Generated by:           Genus(TM) Synthesis Solution 22.17-s071_1
  Generated on:           Jun 01 2026  01:13:00 pm
  Module:                 Cubic_Solver
  Operating conditions:   slow 
  Interconnect mode:      global
  Area mode:              physical library
============================================================


Path 1: MET (3569 ps) Setup Check with Pin r_cbrt_re_input_reg[19]/CK->D
          Group: clk
     Startpoint: (R) state_reg[3]/CK
          Clock: (R) clk
       Endpoint: (R) r_cbrt_re_input_reg[19]/D
          Clock: (R) clk

                     Capture       Launch     
        Clock Edge:+   10000            0     
       Src Latency:+       0            0     
       Net Latency:+       0 (I)        0 (I) 
           Arrival:=   10000            0     
                                              
             Setup:-     119                  
     Required Time:=    9881                  
      Launch Clock:-       0                  
         Data Path:-    6312                  
             Slack:=    3569                  

#--------------------------------------------------------------------------------------------------
#       Timing Point        Flags   Arc   Edge   Cell     Fanout Load Trans Delay Arrival Instance 
#                                                                (fF)  (ps)  (ps)   (ps)  Location 
#--------------------------------------------------------------------------------------------------
  state_reg[3]/CK           -       -     R     (arrival)   1285    -     0     0       0    (-,-) 
  state_reg[3]/Q            -       CK->Q F     DFFRX1         4 12.1   216   355     355    (-,-) 
  g136977__4733/Y           -       B->Y  F     OR2X1          4 12.4   222   254     609    (-,-) 
  g209600/Y                 -       AN->Y F     NAND3BX1       5 15.5   793   540    1148    (-,-) 
  g209938/Y                 -       A->Y  R     INVX1         13 37.9   606   572    1720    (-,-) 
  drc_bufs164139/Y          -       A->Y  F     INVX1         12 34.6   602   519    2239    (-,-) 
  g161929/Y                 -       B->Y  R     NOR2X1        11 29.6   908   651    2889    (-,-) 
  g163625/Y                 -       A->Y  F     INVX1          5 15.0   341   473    3362    (-,-) 
  g161306/Y                 -       A->Y  F     AND2X1         2  6.8   128   221    3583    (-,-) 
  g161133/Y                 -       A->Y  F     OR2X1          3  9.4   175   208    3791    (-,-) 
  g160307/Y                 -       B->Y  F     OR2XL          6 18.5   566   404    4195    (-,-) 
  g163951/Y                 -       A->Y  R     INVX1          4 12.5   258   307    4502    (-,-) 
  g159843/Y                 -       A->Y  R     OR2XL         13 36.8   960   607    5108    (-,-) 
  drc_bufs163715/Y          -       A->Y  F     INVX1          1  4.7   264   410    5518    (-,-) 
  drc_bufs164181/Y          -       A->Y  R     INVX1         12 34.1   516   349    5867    (-,-) 
  g159204/Y                 -       A1->Y F     AOI22X1        1  4.8   264   301    6168    (-,-) 
  g159044/Y                 -       B0->Y R     OAI2BB1X1      1  4.6   116   144    6312    (-,-) 
  r_cbrt_re_input_reg[19]/D -       -     R     DFFHQX1        1    -     -     0    6312    (-,-) 
#--------------------------------------------------------------------------------------------------



Path 2: MET (3569 ps) Setup Check with Pin r_cbrt_re_input_reg[18]/CK->D
          Group: clk
     Startpoint: (R) state_reg[3]/CK
          Clock: (R) clk
       Endpoint: (R) r_cbrt_re_input_reg[18]/D
          Clock: (R) clk

                     Capture       Launch     
        Clock Edge:+   10000            0     
       Src Latency:+       0            0     
       Net Latency:+       0 (I)        0 (I) 
           Arrival:=   10000            0     
                                              
             Setup:-     119                  
     Required Time:=    9881                  
      Launch Clock:-       0                  
         Data Path:-    6312                  
             Slack:=    3569                  

#--------------------------------------------------------------------------------------------------
#       Timing Point        Flags   Arc   Edge   Cell     Fanout Load Trans Delay Arrival Instance 
#                                                                (fF)  (ps)  (ps)   (ps)  Location 
#--------------------------------------------------------------------------------------------------
  state_reg[3]/CK           -       -     R     (arrival)   1285    -     0     0       0    (-,-) 
  state_reg[3]/Q            -       CK->Q F     DFFRX1         4 12.1   216   355     355    (-,-) 
  g136977__4733/Y           -       B->Y  F     OR2X1          4 12.4   222   254     609    (-,-) 
  g209600/Y                 -       AN->Y F     NAND3BX1       5 15.5   793   540    1148    (-,-) 
  g209938/Y                 -       A->Y  R     INVX1         13 37.9   606   572    1720    (-,-) 
  drc_bufs164139/Y          -       A->Y  F     INVX1         12 34.6   602   519    2239    (-,-) 
  g161929/Y                 -       B->Y  R     NOR2X1        11 29.6   908   651    2889    (-,-) 
  g163625/Y                 -       A->Y  F     INVX1          5 15.0   341   473    3362    (-,-) 
  g161306/Y                 -       A->Y  F     AND2X1         2  6.8   128   221    3583    (-,-) 
  g161133/Y                 -       A->Y  F     OR2X1          3  9.4   175   208    3791    (-,-) 
  g160307/Y                 -       B->Y  F     OR2XL          6 18.5   566   404    4195    (-,-) 
  g163951/Y                 -       A->Y  R     INVX1          4 12.5   258   307    4502    (-,-) 
  g159843/Y                 -       A->Y  R     OR2XL         13 36.8   960   607    5108    (-,-) 
  drc_bufs163715/Y          -       A->Y  F     INVX1          1  4.7   264   410    5518    (-,-) 
  drc_bufs164181/Y          -       A->Y  R     INVX1         12 34.1   516   349    5867    (-,-) 
  g159205/Y                 -       A1->Y F     AOI22X1        1  4.8   264   301    6168    (-,-) 
  g159043/Y                 -       B0->Y R     OAI2BB1X1      1  4.6   116   144    6312    (-,-) 
  r_cbrt_re_input_reg[18]/D -       -     R     DFFHQX1        1    -     -     0    6312    (-,-) 
#--------------------------------------------------------------------------------------------------



Path 3: MET (3569 ps) Setup Check with Pin r_cbrt_re_input_reg[12]/CK->D
          Group: clk
     Startpoint: (R) state_reg[3]/CK
          Clock: (R) clk
       Endpoint: (R) r_cbrt_re_input_reg[12]/D
          Clock: (R) clk

                     Capture       Launch     
        Clock Edge:+   10000            0     
       Src Latency:+       0            0     
       Net Latency:+       0 (I)        0 (I) 
           Arrival:=   10000            0     
                                              
             Setup:-     119                  
     Required Time:=    9881                  
      Launch Clock:-       0                  
         Data Path:-    6312                  
             Slack:=    3569                  

#--------------------------------------------------------------------------------------------------
#       Timing Point        Flags   Arc   Edge   Cell     Fanout Load Trans Delay Arrival Instance 
#                                                                (fF)  (ps)  (ps)   (ps)  Location 
#--------------------------------------------------------------------------------------------------
  state_reg[3]/CK           -       -     R     (arrival)   1285    -     0     0       0    (-,-) 
  state_reg[3]/Q            -       CK->Q F     DFFRX1         4 12.1   216   355     355    (-,-) 
  g136977__4733/Y           -       B->Y  F     OR2X1          4 12.4   222   254     609    (-,-) 
  g209600/Y                 -       AN->Y F     NAND3BX1       5 15.5   793   540    1148    (-,-) 
  g209938/Y                 -       A->Y  R     INVX1         13 37.9   606   572    1720    (-,-) 
  drc_bufs164139/Y          -       A->Y  F     INVX1         12 34.6   602   519    2239    (-,-) 
  g161929/Y                 -       B->Y  R     NOR2X1        11 29.6   908   651    2889    (-,-) 
  g163625/Y                 -       A->Y  F     INVX1          5 15.0   341   473    3362    (-,-) 
  g161306/Y                 -       A->Y  F     AND2X1         2  6.8   128   221    3583    (-,-) 
  g161133/Y                 -       A->Y  F     OR2X1          3  9.4   175   208    3791    (-,-) 
  g160307/Y                 -       B->Y  F     OR2XL          6 18.5   566   404    4195    (-,-) 
  g163951/Y                 -       A->Y  R     INVX1          4 12.5   258   307    4502    (-,-) 
  g159843/Y                 -       A->Y  R     OR2XL         13 36.8   960   607    5108    (-,-) 
  drc_bufs163715/Y          -       A->Y  F     INVX1          1  4.7   264   410    5518    (-,-) 
  drc_bufs164181/Y          -       A->Y  R     INVX1         12 34.1   516   349    5867    (-,-) 
  g159212/Y                 -       A1->Y F     AOI22X1        1  4.8   264   301    6168    (-,-) 
  g159037/Y                 -       B0->Y R     OAI2BB1X1      1  4.6   116   144    6312    (-,-) 
  r_cbrt_re_input_reg[12]/D -       -     R     DFFHQX1        1    -     -     0    6312    (-,-) 
#--------------------------------------------------------------------------------------------------



Path 4: MET (3569 ps) Setup Check with Pin r_cbrt_re_input_reg[11]/CK->D
          Group: clk
     Startpoint: (R) state_reg[3]/CK
          Clock: (R) clk
       Endpoint: (R) r_cbrt_re_input_reg[11]/D
          Clock: (R) clk

                     Capture       Launch     
        Clock Edge:+   10000            0     
       Src Latency:+       0            0     
       Net Latency:+       0 (I)        0 (I) 
           Arrival:=   10000            0     
                                              
             Setup:-     119                  
     Required Time:=    9881                  
      Launch Clock:-       0                  
         Data Path:-    6312                  
             Slack:=    3569                  

#--------------------------------------------------------------------------------------------------
#       Timing Point        Flags   Arc   Edge   Cell     Fanout Load Trans Delay Arrival Instance 
#                                                                (fF)  (ps)  (ps)   (ps)  Location 
#--------------------------------------------------------------------------------------------------
  state_reg[3]/CK           -       -     R     (arrival)   1285    -     0     0       0    (-,-) 
  state_reg[3]/Q            -       CK->Q F     DFFRX1         4 12.1   216   355     355    (-,-) 
  g136977__4733/Y           -       B->Y  F     OR2X1          4 12.4   222   254     609    (-,-) 
  g209600/Y                 -       AN->Y F     NAND3BX1       5 15.5   793   540    1148    (-,-) 
  g209938/Y                 -       A->Y  R     INVX1         13 37.9   606   572    1720    (-,-) 
  drc_bufs164139/Y          -       A->Y  F     INVX1         12 34.6   602   519    2239    (-,-) 
  g161929/Y                 -       B->Y  R     NOR2X1        11 29.6   908   651    2889    (-,-) 
  g163625/Y                 -       A->Y  F     INVX1          5 15.0   341   473    3362    (-,-) 
  g161306/Y                 -       A->Y  F     AND2X1         2  6.8   128   221    3583    (-,-) 
  g161133/Y                 -       A->Y  F     OR2X1          3  9.4   175   208    3791    (-,-) 
  g160307/Y                 -       B->Y  F     OR2XL          6 18.5   566   404    4195    (-,-) 
  g163951/Y                 -       A->Y  R     INVX1          4 12.5   258   307    4502    (-,-) 
  g159843/Y                 -       A->Y  R     OR2XL         13 36.8   960   607    5108    (-,-) 
  drc_bufs163715/Y          -       A->Y  F     INVX1          1  4.7   264   410    5518    (-,-) 
  drc_bufs164181/Y          -       A->Y  R     INVX1         12 34.1   516   349    5867    (-,-) 
  g159211/Y                 -       A1->Y F     AOI22X1        1  4.8   264   301    6168    (-,-) 
  g159036/Y                 -       B0->Y R     OAI2BB1X1      1  4.6   116   144    6312    (-,-) 
  r_cbrt_re_input_reg[11]/D -       -     R     DFFHQX1        1    -     -     0    6312    (-,-) 
#--------------------------------------------------------------------------------------------------



Path 5: MET (3569 ps) Setup Check with Pin r_cbrt_re_input_reg[10]/CK->D
          Group: clk
     Startpoint: (R) state_reg[3]/CK
          Clock: (R) clk
       Endpoint: (R) r_cbrt_re_input_reg[10]/D
          Clock: (R) clk

                     Capture       Launch     
        Clock Edge:+   10000            0     
       Src Latency:+       0            0     
       Net Latency:+       0 (I)        0 (I) 
           Arrival:=   10000            0     
                                              
             Setup:-     119                  
     Required Time:=    9881                  
      Launch Clock:-       0                  
         Data Path:-    6312                  
             Slack:=    3569                  

#--------------------------------------------------------------------------------------------------
#       Timing Point        Flags   Arc   Edge   Cell     Fanout Load Trans Delay Arrival Instance 
#                                                                (fF)  (ps)  (ps)   (ps)  Location 
#--------------------------------------------------------------------------------------------------
  state_reg[3]/CK           -       -     R     (arrival)   1285    -     0     0       0    (-,-) 
  state_reg[3]/Q            -       CK->Q F     DFFRX1         4 12.1   216   355     355    (-,-) 
  g136977__4733/Y           -       B->Y  F     OR2X1          4 12.4   222   254     609    (-,-) 
  g209600/Y                 -       AN->Y F     NAND3BX1       5 15.5   793   540    1148    (-,-) 
  g209938/Y                 -       A->Y  R     INVX1         13 37.9   606   572    1720    (-,-) 
  drc_bufs164139/Y          -       A->Y  F     INVX1         12 34.6   602   519    2239    (-,-) 
  g161929/Y                 -       B->Y  R     NOR2X1        11 29.6   908   651    2889    (-,-) 
  g163625/Y                 -       A->Y  F     INVX1          5 15.0   341   473    3362    (-,-) 
  g161306/Y                 -       A->Y  F     AND2X1         2  6.8   128   221    3583    (-,-) 
  g161133/Y                 -       A->Y  F     OR2X1          3  9.4   175   208    3791    (-,-) 
  g160307/Y                 -       B->Y  F     OR2XL          6 18.5   566   404    4195    (-,-) 
  g163951/Y                 -       A->Y  R     INVX1          4 12.5   258   307    4502    (-,-) 
  g159843/Y                 -       A->Y  R     OR2XL         13 36.8   960   607    5108    (-,-) 
  drc_bufs163715/Y          -       A->Y  F     INVX1          1  4.7   264   410    5518    (-,-) 
  drc_bufs164181/Y          -       A->Y  R     INVX1         12 34.1   516   349    5867    (-,-) 
  g159213/Y                 -       A1->Y F     AOI22X1        1  4.8   264   301    6168    (-,-) 
  g159035/Y                 -       B0->Y R     OAI2BB1X1      1  4.6   116   144    6312    (-,-) 
  r_cbrt_re_input_reg[10]/D -       -     R     DFFHQX1        1    -     -     0    6312    (-,-) 
#--------------------------------------------------------------------------------------------------



Path 6: MET (3569 ps) Setup Check with Pin r_cbrt_re_input_reg[9]/CK->D
          Group: clk
     Startpoint: (R) state_reg[3]/CK
          Clock: (R) clk
       Endpoint: (R) r_cbrt_re_input_reg[9]/D
          Clock: (R) clk

                     Capture       Launch     
        Clock Edge:+   10000            0     
       Src Latency:+       0            0     
       Net Latency:+       0 (I)        0 (I) 
           Arrival:=   10000            0     
                                              
             Setup:-     119                  
     Required Time:=    9881                  
      Launch Clock:-       0                  
         Data Path:-    6312                  
             Slack:=    3569                  

#-------------------------------------------------------------------------------------------------
#      Timing Point        Flags   Arc   Edge   Cell     Fanout Load Trans Delay Arrival Instance 
#                                                               (fF)  (ps)  (ps)   (ps)  Location 
#-------------------------------------------------------------------------------------------------
  state_reg[3]/CK          -       -     R     (arrival)   1285    -     0     0       0    (-,-) 
  state_reg[3]/Q           -       CK->Q F     DFFRX1         4 12.1   216   355     355    (-,-) 
  g136977__4733/Y          -       B->Y  F     OR2X1          4 12.4   222   254     609    (-,-) 
  g209600/Y                -       AN->Y F     NAND3BX1       5 15.5   793   540    1148    (-,-) 
  g209938/Y                -       A->Y  R     INVX1         13 37.9   606   572    1720    (-,-) 
  drc_bufs164139/Y         -       A->Y  F     INVX1         12 34.6   602   519    2239    (-,-) 
  g161929/Y                -       B->Y  R     NOR2X1        11 29.6   908   651    2889    (-,-) 
  g163625/Y                -       A->Y  F     INVX1          5 15.0   341   473    3362    (-,-) 
  g161306/Y                -       A->Y  F     AND2X1         2  6.8   128   221    3583    (-,-) 
  g161133/Y                -       A->Y  F     OR2X1          3  9.4   175   208    3791    (-,-) 
  g160307/Y                -       B->Y  F     OR2XL          6 18.5   566   404    4195    (-,-) 
  g163951/Y                -       A->Y  R     INVX1          4 12.5   258   307    4502    (-,-) 
  g159843/Y                -       A->Y  R     OR2XL         13 36.8   960   607    5108    (-,-) 
  drc_bufs163715/Y         -       A->Y  F     INVX1          1  4.7   264   410    5518    (-,-) 
  drc_bufs164181/Y         -       A->Y  R     INVX1         12 34.1   516   349    5867    (-,-) 
  g159214/Y                -       A1->Y F     AOI22X1        1  4.8   264   301    6168    (-,-) 
  g159034/Y                -       B0->Y R     OAI2BB1X1      1  4.6   116   144    6312    (-,-) 
  r_cbrt_re_input_reg[9]/D -       -     R     DFFHQX1        1    -     -     0    6312    (-,-) 
#-------------------------------------------------------------------------------------------------



Path 7: MET (3569 ps) Setup Check with Pin r_cbrt_re_input_reg[8]/CK->D
          Group: clk
     Startpoint: (R) state_reg[3]/CK
          Clock: (R) clk
       Endpoint: (R) r_cbrt_re_input_reg[8]/D
          Clock: (R) clk

                     Capture       Launch     
        Clock Edge:+   10000            0     
       Src Latency:+       0            0     
       Net Latency:+       0 (I)        0 (I) 
           Arrival:=   10000            0     
                                              
             Setup:-     119                  
     Required Time:=    9881                  
      Launch Clock:-       0                  
         Data Path:-    6312                  
             Slack:=    3569                  

#-------------------------------------------------------------------------------------------------
#      Timing Point        Flags   Arc   Edge   Cell     Fanout Load Trans Delay Arrival Instance 
#                                                               (fF)  (ps)  (ps)   (ps)  Location 
#-------------------------------------------------------------------------------------------------
  state_reg[3]/CK          -       -     R     (arrival)   1285    -     0     0       0    (-,-) 
  state_reg[3]/Q           -       CK->Q F     DFFRX1         4 12.1   216   355     355    (-,-) 
  g136977__4733/Y          -       B->Y  F     OR2X1          4 12.4   222   254     609    (-,-) 
  g209600/Y                -       AN->Y F     NAND3BX1       5 15.5   793   540    1148    (-,-) 
  g209938/Y                -       A->Y  R     INVX1         13 37.9   606   572    1720    (-,-) 
  drc_bufs164139/Y         -       A->Y  F     INVX1         12 34.6   602   519    2239    (-,-) 
  g161929/Y                -       B->Y  R     NOR2X1        11 29.6   908   651    2889    (-,-) 
  g163625/Y                -       A->Y  F     INVX1          5 15.0   341   473    3362    (-,-) 
  g161306/Y                -       A->Y  F     AND2X1         2  6.8   128   221    3583    (-,-) 
  g161133/Y                -       A->Y  F     OR2X1          3  9.4   175   208    3791    (-,-) 
  g160307/Y                -       B->Y  F     OR2XL          6 18.5   566   404    4195    (-,-) 
  g163951/Y                -       A->Y  R     INVX1          4 12.5   258   307    4502    (-,-) 
  g159843/Y                -       A->Y  R     OR2XL         13 36.8   960   607    5108    (-,-) 
  drc_bufs163715/Y         -       A->Y  F     INVX1          1  4.7   264   410    5518    (-,-) 
  drc_bufs164181/Y         -       A->Y  R     INVX1         12 34.1   516   349    5867    (-,-) 
  g159215/Y                -       A1->Y F     AOI22X1        1  4.8   264   301    6168    (-,-) 
  g159033/Y                -       B0->Y R     OAI2BB1X1      1  4.6   116   144    6312    (-,-) 
  r_cbrt_re_input_reg[8]/D -       -     R     DFFHQX1        1    -     -     0    6312    (-,-) 
#-------------------------------------------------------------------------------------------------



Path 8: MET (3569 ps) Setup Check with Pin r_cbrt_re_input_reg[7]/CK->D
          Group: clk
     Startpoint: (R) state_reg[3]/CK
          Clock: (R) clk
       Endpoint: (R) r_cbrt_re_input_reg[7]/D
          Clock: (R) clk

                     Capture       Launch     
        Clock Edge:+   10000            0     
       Src Latency:+       0            0     
       Net Latency:+       0 (I)        0 (I) 
           Arrival:=   10000            0     
                                              
             Setup:-     119                  
     Required Time:=    9881                  
      Launch Clock:-       0                  
         Data Path:-    6312                  
             Slack:=    3569                  

#-------------------------------------------------------------------------------------------------
#      Timing Point        Flags   Arc   Edge   Cell     Fanout Load Trans Delay Arrival Instance 
#                                                               (fF)  (ps)  (ps)   (ps)  Location 
#-------------------------------------------------------------------------------------------------
  state_reg[3]/CK          -       -     R     (arrival)   1285    -     0     0       0    (-,-) 
  state_reg[3]/Q           -       CK->Q F     DFFRX1         4 12.1   216   355     355    (-,-) 
  g136977__4733/Y          -       B->Y  F     OR2X1          4 12.4   222   254     609    (-,-) 
  g209600/Y                -       AN->Y F     NAND3BX1       5 15.5   793   540    1148    (-,-) 
  g209938/Y                -       A->Y  R     INVX1         13 37.9   606   572    1720    (-,-) 
  drc_bufs164139/Y         -       A->Y  F     INVX1         12 34.6   602   519    2239    (-,-) 
  g161929/Y                -       B->Y  R     NOR2X1        11 29.6   908   651    2889    (-,-) 
  g163625/Y                -       A->Y  F     INVX1          5 15.0   341   473    3362    (-,-) 
  g161306/Y                -       A->Y  F     AND2X1         2  6.8   128   221    3583    (-,-) 
  g161133/Y                -       A->Y  F     OR2X1          3  9.4   175   208    3791    (-,-) 
  g160307/Y                -       B->Y  F     OR2XL          6 18.5   566   404    4195    (-,-) 
  g163951/Y                -       A->Y  R     INVX1          4 12.5   258   307    4502    (-,-) 
  g159843/Y                -       A->Y  R     OR2XL         13 36.8   960   607    5108    (-,-) 
  drc_bufs163715/Y         -       A->Y  F     INVX1          1  4.7   264   410    5518    (-,-) 
  drc_bufs164181/Y         -       A->Y  R     INVX1         12 34.1   516   349    5867    (-,-) 
  g159216/Y                -       A1->Y F     AOI22X1        1  4.8   264   301    6168    (-,-) 
  g159032/Y                -       B0->Y R     OAI2BB1X1      1  4.6   116   144    6312    (-,-) 
  r_cbrt_re_input_reg[7]/D -       -     R     DFFHQX1        1    -     -     0    6312    (-,-) 
#-------------------------------------------------------------------------------------------------



Path 9: MET (3569 ps) Setup Check with Pin r_cbrt_re_input_reg[5]/CK->D
          Group: clk
     Startpoint: (R) state_reg[3]/CK
          Clock: (R) clk
       Endpoint: (R) r_cbrt_re_input_reg[5]/D
          Clock: (R) clk

                     Capture       Launch     
        Clock Edge:+   10000            0     
       Src Latency:+       0            0     
       Net Latency:+       0 (I)        0 (I) 
           Arrival:=   10000            0     
                                              
             Setup:-     119                  
     Required Time:=    9881                  
      Launch Clock:-       0                  
         Data Path:-    6312                  
             Slack:=    3569                  

#-------------------------------------------------------------------------------------------------
#      Timing Point        Flags   Arc   Edge   Cell     Fanout Load Trans Delay Arrival Instance 
#                                                               (fF)  (ps)  (ps)   (ps)  Location 
#-------------------------------------------------------------------------------------------------
  state_reg[3]/CK          -       -     R     (arrival)   1285    -     0     0       0    (-,-) 
  state_reg[3]/Q           -       CK->Q F     DFFRX1         4 12.1   216   355     355    (-,-) 
  g136977__4733/Y          -       B->Y  F     OR2X1          4 12.4   222   254     609    (-,-) 
  g209600/Y                -       AN->Y F     NAND3BX1       5 15.5   793   540    1148    (-,-) 
  g209938/Y                -       A->Y  R     INVX1         13 37.9   606   572    1720    (-,-) 
  drc_bufs164139/Y         -       A->Y  F     INVX1         12 34.6   602   519    2239    (-,-) 
  g161929/Y                -       B->Y  R     NOR2X1        11 29.6   908   651    2889    (-,-) 
  g163625/Y                -       A->Y  F     INVX1          5 15.0   341   473    3362    (-,-) 
  g161306/Y                -       A->Y  F     AND2X1         2  6.8   128   221    3583    (-,-) 
  g161133/Y                -       A->Y  F     OR2X1          3  9.4   175   208    3791    (-,-) 
  g160307/Y                -       B->Y  F     OR2XL          6 18.5   566   404    4195    (-,-) 
  g163951/Y                -       A->Y  R     INVX1          4 12.5   258   307    4502    (-,-) 
  g159843/Y                -       A->Y  R     OR2XL         13 36.8   960   607    5108    (-,-) 
  drc_bufs163715/Y         -       A->Y  F     INVX1          1  4.7   264   410    5518    (-,-) 
  drc_bufs164181/Y         -       A->Y  R     INVX1         12 34.1   516   349    5867    (-,-) 
  g159218/Y                -       A1->Y F     AOI22X1        1  4.8   264   301    6168    (-,-) 
  g159030/Y                -       B0->Y R     OAI2BB1X1      1  4.6   116   144    6312    (-,-) 
  r_cbrt_re_input_reg[5]/D -       -     R     DFFHQX1        1    -     -     0    6312    (-,-) 
#-------------------------------------------------------------------------------------------------



Path 10: MET (3569 ps) Setup Check with Pin r_cbrt_re_input_reg[3]/CK->D
          Group: clk
     Startpoint: (R) state_reg[3]/CK
          Clock: (R) clk
       Endpoint: (R) r_cbrt_re_input_reg[3]/D
          Clock: (R) clk

                     Capture       Launch     
        Clock Edge:+   10000            0     
       Src Latency:+       0            0     
       Net Latency:+       0 (I)        0 (I) 
           Arrival:=   10000            0     
                                              
             Setup:-     119                  
     Required Time:=    9881                  
      Launch Clock:-       0                  
         Data Path:-    6312                  
             Slack:=    3569                  

#-------------------------------------------------------------------------------------------------
#      Timing Point        Flags   Arc   Edge   Cell     Fanout Load Trans Delay Arrival Instance 
#                                                               (fF)  (ps)  (ps)   (ps)  Location 
#-------------------------------------------------------------------------------------------------
  state_reg[3]/CK          -       -     R     (arrival)   1285    -     0     0       0    (-,-) 
  state_reg[3]/Q           -       CK->Q F     DFFRX1         4 12.1   216   355     355    (-,-) 
  g136977__4733/Y          -       B->Y  F     OR2X1          4 12.4   222   254     609    (-,-) 
  g209600/Y                -       AN->Y F     NAND3BX1       5 15.5   793   540    1148    (-,-) 
  g209938/Y                -       A->Y  R     INVX1         13 37.9   606   572    1720    (-,-) 
  drc_bufs164139/Y         -       A->Y  F     INVX1         12 34.6   602   519    2239    (-,-) 
  g161929/Y                -       B->Y  R     NOR2X1        11 29.6   908   651    2889    (-,-) 
  g163625/Y                -       A->Y  F     INVX1          5 15.0   341   473    3362    (-,-) 
  g161306/Y                -       A->Y  F     AND2X1         2  6.8   128   221    3583    (-,-) 
  g161133/Y                -       A->Y  F     OR2X1          3  9.4   175   208    3791    (-,-) 
  g160307/Y                -       B->Y  F     OR2XL          6 18.5   566   404    4195    (-,-) 
  g163951/Y                -       A->Y  R     INVX1          4 12.5   258   307    4502    (-,-) 
  g159843/Y                -       A->Y  R     OR2XL         13 36.8   960   607    5108    (-,-) 
  drc_bufs163715/Y         -       A->Y  F     INVX1          1  4.7   264   410    5518    (-,-) 
  drc_bufs164181/Y         -       A->Y  R     INVX1         12 34.1   516   349    5867    (-,-) 
  g159220/Y                -       A1->Y F     AOI22X1        1  4.8   264   301    6168    (-,-) 
  g159028/Y                -       B0->Y R     OAI2BB1X1      1  4.6   116   144    6312    (-,-) 
  r_cbrt_re_input_reg[3]/D -       -     R     DFFHQX1        1    -     -     0    6312    (-,-) 
#-------------------------------------------------------------------------------------------------



Path 11: MET (3569 ps) Setup Check with Pin r_cbrt_re_input_reg[1]/CK->D
          Group: clk
     Startpoint: (R) state_reg[3]/CK
          Clock: (R) clk
       Endpoint: (R) r_cbrt_re_input_reg[1]/D
          Clock: (R) clk

                     Capture       Launch     
        Clock Edge:+   10000            0     
       Src Latency:+       0            0     
       Net Latency:+       0 (I)        0 (I) 
           Arrival:=   10000            0     
                                              
             Setup:-     119                  
     Required Time:=    9881                  
      Launch Clock:-       0                  
         Data Path:-    6312                  
             Slack:=    3569                  

#-------------------------------------------------------------------------------------------------
#      Timing Point        Flags   Arc   Edge   Cell     Fanout Load Trans Delay Arrival Instance 
#                                                               (fF)  (ps)  (ps)   (ps)  Location 
#-------------------------------------------------------------------------------------------------
  state_reg[3]/CK          -       -     R     (arrival)   1285    -     0     0       0    (-,-) 
  state_reg[3]/Q           -       CK->Q F     DFFRX1         4 12.1   216   355     355    (-,-) 
  g136977__4733/Y          -       B->Y  F     OR2X1          4 12.4   222   254     609    (-,-) 
  g209600/Y                -       AN->Y F     NAND3BX1       5 15.5   793   540    1148    (-,-) 
  g209938/Y                -       A->Y  R     INVX1         13 37.9   606   572    1720    (-,-) 
  drc_bufs164139/Y         -       A->Y  F     INVX1         12 34.6   602   519    2239    (-,-) 
  g161929/Y                -       B->Y  R     NOR2X1        11 29.6   908   651    2889    (-,-) 
  g163625/Y                -       A->Y  F     INVX1          5 15.0   341   473    3362    (-,-) 
  g161306/Y                -       A->Y  F     AND2X1         2  6.8   128   221    3583    (-,-) 
  g161133/Y                -       A->Y  F     OR2X1          3  9.4   175   208    3791    (-,-) 
  g160307/Y                -       B->Y  F     OR2XL          6 18.5   566   404    4195    (-,-) 
  g163951/Y                -       A->Y  R     INVX1          4 12.5   258   307    4502    (-,-) 
  g159843/Y                -       A->Y  R     OR2XL         13 36.8   960   607    5108    (-,-) 
  drc_bufs163715/Y         -       A->Y  F     INVX1          1  4.7   264   410    5518    (-,-) 
  drc_bufs164181/Y         -       A->Y  R     INVX1         12 34.1   516   349    5867    (-,-) 
  g159222/Y                -       A1->Y F     AOI22X1        1  4.8   264   301    6168    (-,-) 
  g159026/Y                -       B0->Y R     OAI2BB1X1      1  4.6   116   144    6312    (-,-) 
  r_cbrt_re_input_reg[1]/D -       -     R     DFFHQX1        1    -     -     0    6312    (-,-) 
#-------------------------------------------------------------------------------------------------



Path 12: MET (3569 ps) Setup Check with Pin r_cbrt_re_input_reg[0]/CK->D
          Group: clk
     Startpoint: (R) state_reg[3]/CK
          Clock: (R) clk
       Endpoint: (R) r_cbrt_re_input_reg[0]/D
          Clock: (R) clk

                     Capture       Launch     
        Clock Edge:+   10000            0     
       Src Latency:+       0            0     
       Net Latency:+       0 (I)        0 (I) 
           Arrival:=   10000            0     
                                              
             Setup:-     119                  
     Required Time:=    9881                  
      Launch Clock:-       0                  
         Data Path:-    6312                  
             Slack:=    3569                  

#-------------------------------------------------------------------------------------------------
#      Timing Point        Flags   Arc   Edge   Cell     Fanout Load Trans Delay Arrival Instance 
#                                                               (fF)  (ps)  (ps)   (ps)  Location 
#-------------------------------------------------------------------------------------------------
  state_reg[3]/CK          -       -     R     (arrival)   1285    -     0     0       0    (-,-) 
  state_reg[3]/Q           -       CK->Q F     DFFRX1         4 12.1   216   355     355    (-,-) 
  g136977__4733/Y          -       B->Y  F     OR2X1          4 12.4   222   254     609    (-,-) 
  g209600/Y                -       AN->Y F     NAND3BX1       5 15.5   793   540    1148    (-,-) 
  g209938/Y                -       A->Y  R     INVX1         13 37.9   606   572    1720    (-,-) 
  drc_bufs164139/Y         -       A->Y  F     INVX1         12 34.6   602   519    2239    (-,-) 
  g161929/Y                -       B->Y  R     NOR2X1        11 29.6   908   651    2889    (-,-) 
  g163625/Y                -       A->Y  F     INVX1          5 15.0   341   473    3362    (-,-) 
  g161306/Y                -       A->Y  F     AND2X1         2  6.8   128   221    3583    (-,-) 
  g161133/Y                -       A->Y  F     OR2X1          3  9.4   175   208    3791    (-,-) 
  g160307/Y                -       B->Y  F     OR2XL          6 18.5   566   404    4195    (-,-) 
  g163951/Y                -       A->Y  R     INVX1          4 12.5   258   307    4502    (-,-) 
  g159843/Y                -       A->Y  R     OR2XL         13 36.8   960   607    5108    (-,-) 
  drc_bufs163715/Y         -       A->Y  F     INVX1          1  4.7   264   410    5518    (-,-) 
  drc_bufs164181/Y         -       A->Y  R     INVX1         12 34.1   516   349    5867    (-,-) 
  g159223/Y                -       A1->Y F     AOI22X1        1  4.8   264   301    6168    (-,-) 
  g159025/Y                -       B0->Y R     OAI2BB1X1      1  4.6   116   144    6312    (-,-) 
  r_cbrt_re_input_reg[0]/D -       -     R     DFFHQX1        1    -     -     0    6312    (-,-) 
#-------------------------------------------------------------------------------------------------



Path 13: MET (3901 ps) Setup Check with Pin Divide_int_0_output_scale_r_reg[7]/CK->D
          Group: clk
     Startpoint: (R) state_reg[3]/CK
          Clock: (R) clk
       Endpoint: (R) Divide_int_0_output_scale_r_reg[7]/D
          Clock: (R) clk

                     Capture       Launch     
        Clock Edge:+   10000            0     
       Src Latency:+       0            0     
       Net Latency:+       0 (I)        0 (I) 
           Arrival:=   10000            0     
                                              
             Setup:-     131                  
     Required Time:=    9869                  
      Launch Clock:-       0                  
         Data Path:-    5968                  
             Slack:=    3901                  

#--------------------------------------------------------------------------------------------------------------------------
#                  Timing Point                    Flags    Arc   Edge   Cell     Fanout Load Trans Delay Arrival Instance 
#                                                                                        (fF)  (ps)  (ps)   (ps)  Location 
#--------------------------------------------------------------------------------------------------------------------------
  state_reg[3]/CK                                  -       -      R     (arrival)   1285    -     0     0       0    (-,-) 
  state_reg[3]/Q                                   -       CK->Q  F     DFFRX1         4 12.1   216   355     355    (-,-) 
  g136977__4733/Y                                  -       B->Y   F     OR2X1          4 12.4   222   254     609    (-,-) 
  g209600/Y                                        -       AN->Y  F     NAND3BX1       5 15.5   793   540    1148    (-,-) 
  g209592/Y                                        -       B->Y   R     NOR2X1        11 29.9   927   717    1866    (-,-) 
  g136961__1617/Y                                  -       A1->Y  F     AOI22X1        1  4.8   311   436    2302    (-,-) 
  g136956__4319/Y                                  -       B0->Y  R     OAI2BB1X1      3 10.4   200   202    2504    (-,-) 
  Divide_int_0_WALLACE_CSA_DUMMY_OP_groupi_g662/S  -       A->S   F     ADDHX1         1  5.0   108   262    2766    (-,-) 
  Divide_int_0_WALLACE_CSA_DUMMY_OP_groupi_g658/Y  -       B->Y   R     XNOR2X1        3  9.9   171   260    3025    (-,-) 
  Divide_int_0_WALLACE_CSA_DUMMY_OP_groupi_g646/Y  -       A1N->Y R     AOI2BB1X1      1  4.8   177   192    3218    (-,-) 
  Divide_int_0_WALLACE_CSA_DUMMY_OP_groupi_g645/Y  -       B0->Y  F     AOI21X1        2  7.2   276   136    3353    (-,-) 
  Divide_int_0_WALLACE_CSA_DUMMY_OP_groupi_g641/Y  -       A1N->Y F     OAI2BB1X1      1  4.8   187   231    3585    (-,-) 
  Divide_int_0_WALLACE_CSA_DUMMY_OP_groupi_g639/Y  -       B0->Y  R     OAI21X1        1  4.8   200   113    3698    (-,-) 
  Divide_int_0_WALLACE_CSA_DUMMY_OP_groupi_g636/Y  -       B0->Y  F     OAI21X1        1  4.8   202   178    3876    (-,-) 
  Divide_int_0_WALLACE_CSA_DUMMY_OP_groupi_g635/Y  -       B0->Y  R     OAI2BB1X1      2  6.9   136   136    4012    (-,-) 
  Divide_int_0_WALLACE_CSA_DUMMY_OP_groupi_g634/Y  -       A1N->Y R     AOI2BB1X1      1  4.5   163   175    4187    (-,-) 
  Divide_int_0_WALLACE_CSA_DUMMY_OP_groupi_g633/Y  -       B0->Y  R     AO21X1         1  5.8   109   157    4344    (-,-) 
  Divide_int_0_WALLACE_CSA_DUMMY_OP_groupi_g632/CO -       CI->CO R     ADDFX1         1  5.8   127   246    4591    (-,-) 
  Divide_int_0_WALLACE_CSA_DUMMY_OP_groupi_g631/CO -       CI->CO R     ADDFX1         1  5.8   127   252    4843    (-,-) 
  Divide_int_0_WALLACE_CSA_DUMMY_OP_groupi_g630/CO -       CI->CO R     ADDFX1         1  5.8   127   252    5095    (-,-) 
  Divide_int_0_WALLACE_CSA_DUMMY_OP_groupi_g629/CO -       CI->CO R     ADDFX1         1  5.8   128   252    5348    (-,-) 
  Divide_int_0_WALLACE_CSA_DUMMY_OP_groupi_g628/CO -       CI->CO R     ADDFX1         2  7.8   155   268    5616    (-,-) 
  Divide_int_0_WALLACE_CSA_DUMMY_OP_groupi_g626/Y  -       A1->Y  F     AOI21X1        2  7.3   278   208    5824    (-,-) 
  g209421/Y                                        -       A->Y   R     INVX1          1  4.7   114   144    5968    (-,-) 
  Divide_int_0_output_scale_r_reg[7]/D             -       -      R     DFFRHQX1       1    -     -     0    5968    (-,-) 
#--------------------------------------------------------------------------------------------------------------------------



Path 14: MET (3962 ps) Setup Check with Pin Divide_int_0_output_scale_r_reg[6]/CK->D
          Group: clk
     Startpoint: (R) state_reg[3]/CK
          Clock: (R) clk
       Endpoint: (R) Divide_int_0_output_scale_r_reg[6]/D
          Clock: (R) clk

                     Capture       Launch     
        Clock Edge:+   10000            0     
       Src Latency:+       0            0     
       Net Latency:+       0 (I)        0 (I) 
           Arrival:=   10000            0     
                                              
             Setup:-     178                  
     Required Time:=    9822                  
      Launch Clock:-       0                  
         Data Path:-    5860                  
             Slack:=    3962                  

#--------------------------------------------------------------------------------------------------------------------------
#                  Timing Point                    Flags    Arc   Edge   Cell     Fanout Load Trans Delay Arrival Instance 
#                                                                                        (fF)  (ps)  (ps)   (ps)  Location 
#--------------------------------------------------------------------------------------------------------------------------
  state_reg[3]/CK                                  -       -      R     (arrival)   1285    -     0     0       0    (-,-) 
  state_reg[3]/Q                                   -       CK->Q  F     DFFRX1         4 12.1   216   355     355    (-,-) 
  g136977__4733/Y                                  -       B->Y   F     OR2X1          4 12.4   222   254     609    (-,-) 
  g209600/Y                                        -       AN->Y  F     NAND3BX1       5 15.5   793   540    1148    (-,-) 
  g209592/Y                                        -       B->Y   R     NOR2X1        11 29.9   927   717    1866    (-,-) 
  g136961__1617/Y                                  -       A1->Y  F     AOI22X1        1  4.8   311   436    2302    (-,-) 
  g136956__4319/Y                                  -       B0->Y  R     OAI2BB1X1      3 10.4   200   202    2504    (-,-) 
  Divide_int_0_WALLACE_CSA_DUMMY_OP_groupi_g662/S  -       A->S   F     ADDHX1         1  5.0   108   262    2766    (-,-) 
  Divide_int_0_WALLACE_CSA_DUMMY_OP_groupi_g658/Y  -       B->Y   F     XNOR2X1        3  9.9   188   218    2983    (-,-) 
  Divide_int_0_WALLACE_CSA_DUMMY_OP_groupi_g646/Y  -       A1N->Y F     AOI2BB1X1      1  4.8   115   189    3172    (-,-) 
  Divide_int_0_WALLACE_CSA_DUMMY_OP_groupi_g645/Y  -       B0->Y  R     AOI21X1        2  7.2   248   166    3338    (-,-) 
  Divide_int_0_WALLACE_CSA_DUMMY_OP_groupi_g641/Y  -       A1N->Y R     OAI2BB1X1      1  4.8    98   219    3557    (-,-) 
  Divide_int_0_WALLACE_CSA_DUMMY_OP_groupi_g639/Y  -       B0->Y  F     OAI21X1        1  4.8   202   145    3702    (-,-) 
  Divide_int_0_WALLACE_CSA_DUMMY_OP_groupi_g636/Y  -       B0->Y  R     OAI21X1        1  4.8   185   119    3820    (-,-) 
  Divide_int_0_WALLACE_CSA_DUMMY_OP_groupi_g635/Y  -       B0->Y  F     OAI2BB1X1      2  6.9   253   203    4024    (-,-) 
  Divide_int_0_WALLACE_CSA_DUMMY_OP_groupi_g634/Y  -       A1N->Y F     AOI2BB1X1      1  4.5   100   207    4230    (-,-) 
  Divide_int_0_WALLACE_CSA_DUMMY_OP_groupi_g633/Y  -       B0->Y  F     AO21X1         1  5.8   118   171    4401    (-,-) 
  Divide_int_0_WALLACE_CSA_DUMMY_OP_groupi_g632/CO -       CI->CO F     ADDFX1         1  5.8   141   242    4643    (-,-) 
  Divide_int_0_WALLACE_CSA_DUMMY_OP_groupi_g631/CO -       CI->CO F     ADDFX1         1  5.8   142   250    4894    (-,-) 
  Divide_int_0_WALLACE_CSA_DUMMY_OP_groupi_g630/CO -       CI->CO F     ADDFX1         1  5.8   142   250    5144    (-,-) 
  Divide_int_0_WALLACE_CSA_DUMMY_OP_groupi_g629/CO -       CI->CO F     ADDFX1         1  5.8   142   250    5394    (-,-) 
  Divide_int_0_WALLACE_CSA_DUMMY_OP_groupi_g628/CO -       CI->CO F     ADDFX1         2  7.8   173   268    5662    (-,-) 
  Divide_int_0_WALLACE_CSA_DUMMY_OP_groupi_g626/Y  -       A1->Y  R     AOI21X1        2  7.3   251   197    5860    (-,-) 
  Divide_int_0_output_scale_r_reg[6]/D             -       -      R     DFFRHQX1       2    -     -     0    5860    (-,-) 
#--------------------------------------------------------------------------------------------------------------------------



Path 15: MET (4004 ps) Setup Check with Pin Divide_int_0_output_scale_r_reg[5]/CK->D
          Group: clk
     Startpoint: (R) state_reg[3]/CK
          Clock: (R) clk
       Endpoint: (R) Divide_int_0_output_scale_r_reg[5]/D
          Clock: (R) clk

                     Capture       Launch     
        Clock Edge:+   10000            0     
       Src Latency:+       0            0     
       Net Latency:+       0 (I)        0 (I) 
           Arrival:=   10000            0     
                                              
             Setup:-     126                  
     Required Time:=    9874                  
      Launch Clock:-       0                  
         Data Path:-    5870                  
             Slack:=    4004                  

#--------------------------------------------------------------------------------------------------------------------------
#                  Timing Point                    Flags    Arc   Edge   Cell     Fanout Load Trans Delay Arrival Instance 
#                                                                                        (fF)  (ps)  (ps)   (ps)  Location 
#--------------------------------------------------------------------------------------------------------------------------
  state_reg[3]/CK                                  -       -      R     (arrival)   1285    -     0     0       0    (-,-) 
  state_reg[3]/Q                                   -       CK->Q  F     DFFRX1         4 12.1   216   355     355    (-,-) 
  g136977__4733/Y                                  -       B->Y   F     OR2X1          4 12.4   222   254     609    (-,-) 
  g209600/Y                                        -       AN->Y  F     NAND3BX1       5 15.5   793   540    1148    (-,-) 
  g209592/Y                                        -       B->Y   R     NOR2X1        11 29.9   927   717    1866    (-,-) 
  g136961__1617/Y                                  -       A1->Y  F     AOI22X1        1  4.8   311   436    2302    (-,-) 
  g136956__4319/Y                                  -       B0->Y  R     OAI2BB1X1      3 10.4   200   202    2504    (-,-) 
  Divide_int_0_WALLACE_CSA_DUMMY_OP_groupi_g662/S  -       A->S   F     ADDHX1         1  5.0   108   262    2766    (-,-) 
  Divide_int_0_WALLACE_CSA_DUMMY_OP_groupi_g658/Y  -       B->Y   F     XNOR2X1        3  9.9   188   218    2983    (-,-) 
  Divide_int_0_WALLACE_CSA_DUMMY_OP_groupi_g646/Y  -       A1N->Y F     AOI2BB1X1      1  4.8   115   189    3172    (-,-) 
  Divide_int_0_WALLACE_CSA_DUMMY_OP_groupi_g645/Y  -       B0->Y  R     AOI21X1        2  7.2   248   166    3338    (-,-) 
  Divide_int_0_WALLACE_CSA_DUMMY_OP_groupi_g641/Y  -       A1N->Y R     OAI2BB1X1      1  4.8    98   219    3557    (-,-) 
  Divide_int_0_WALLACE_CSA_DUMMY_OP_groupi_g639/Y  -       B0->Y  F     OAI21X1        1  4.8   202   145    3702    (-,-) 
  Divide_int_0_WALLACE_CSA_DUMMY_OP_groupi_g636/Y  -       B0->Y  R     OAI21X1        1  4.8   185   119    3820    (-,-) 
  Divide_int_0_WALLACE_CSA_DUMMY_OP_groupi_g635/Y  -       B0->Y  F     OAI2BB1X1      2  6.9   253   203    4024    (-,-) 
  Divide_int_0_WALLACE_CSA_DUMMY_OP_groupi_g634/Y  -       A1N->Y F     AOI2BB1X1      1  4.5   100   207    4230    (-,-) 
  Divide_int_0_WALLACE_CSA_DUMMY_OP_groupi_g633/Y  -       B0->Y  F     AO21X1         1  5.8   118   171    4401    (-,-) 
  Divide_int_0_WALLACE_CSA_DUMMY_OP_groupi_g632/CO -       CI->CO F     ADDFX1         1  5.8   141   242    4643    (-,-) 
  Divide_int_0_WALLACE_CSA_DUMMY_OP_groupi_g631/CO -       CI->CO F     ADDFX1         1  5.8   142   250    4894    (-,-) 
  Divide_int_0_WALLACE_CSA_DUMMY_OP_groupi_g630/CO -       CI->CO F     ADDFX1         1  5.8   142   250    5144    (-,-) 
  Divide_int_0_WALLACE_CSA_DUMMY_OP_groupi_g629/CO -       CI->CO F     ADDFX1         1  5.8   142   250    5394    (-,-) 
  Divide_int_0_WALLACE_CSA_DUMMY_OP_groupi_g628/CO -       CI->CO F     ADDFX1         2  7.8   173   268    5662    (-,-) 
  Divide_int_0_WALLACE_CSA_DUMMY_OP_groupi_g627/Y  -       B->Y   R     CLKXOR2X1      1  4.7    99   207    5870    (-,-) 
  Divide_int_0_output_scale_r_reg[5]/D             -       -      R     DFFRHQX1       1    -     -     0    5870    (-,-) 
#--------------------------------------------------------------------------------------------------------------------------



Path 16: MET (4040 ps) Setup Check with Pin FP_x2_im_reg[23]/CK->D
          Group: clk
     Startpoint: (R) state_reg[1]/CK
          Clock: (R) clk
       Endpoint: (R) FP_x2_im_reg[23]/D
          Clock: (R) clk

                     Capture       Launch     
        Clock Edge:+   10000            0     
       Src Latency:+       0            0     
       Net Latency:+       0 (I)        0 (I) 
           Arrival:=   10000            0     
                                              
             Setup:-     122                  
     Required Time:=    9878                  
      Launch Clock:-       0                  
         Data Path:-    5838                  
             Slack:=    4040                  

#-------------------------------------------------------------------------------------------
#   Timing Point     Flags   Arc   Edge   Cell     Fanout Load Trans Delay Arrival Instance 
#                                                         (fF)  (ps)  (ps)   (ps)  Location 
#-------------------------------------------------------------------------------------------
  state_reg[1]/CK    -       -     R     (arrival)   1285    -     0     0       0    (-,-) 
  state_reg[1]/Q     -       CK->Q R     DFFRHQX1       4 12.3   201   344     344    (-,-) 
  g207872/Y          -       A->Y  F     NAND2X1        2  6.9   251   207     551    (-,-) 
  g207855/Y          -       AN->Y F     NAND2BX1       2  7.2   264   259     810    (-,-) 
  g207804/Y          -       B->Y  R     NOR2X1        14 39.1  1164   681    1491    (-,-) 
  g209896/Y          -       A->Y  F     INVX1         11 31.9   597   706    2197    (-,-) 
  g209888/Y          -       A->Y  R     INVX1         15 41.7   644   526    2723    (-,-) 
  g164023/Y          -       A->Y  F     INVX1          9 25.9   473   462    3185    (-,-) 
  g161689/Y          -       C->Y  F     OR3X1          2  7.2   157   344    3529    (-,-) 
  g161542/Y          -       B0->Y R     OAI21X1        2  7.5   302   121    3651    (-,-) 
  g163367/Y          -       B->Y  F     NOR2X1         3 10.3   208   208    3859    (-,-) 
  g163473/Y          -       B->Y  R     NOR2BX1       13 38.0  1135   647    4506    (-,-) 
  drc_bufs163255/Y   -       A->Y  F     INVX1          1  4.7   301   477    4982    (-,-) 
  drc_bufs163919/Y   -       A->Y  R     INVX1         12 35.3   536   371    5353    (-,-) 
  g160239/Y          -       B->Y  F     NAND2BX1       2  7.5   313   322    5675    (-,-) 
  g159915/Y          -       B0->Y R     OAI2BB1X1      1  4.6   125   163    5838    (-,-) 
  FP_x2_im_reg[23]/D -       -     R     DFFHQX1        1    -     -     0    5838    (-,-) 
#-------------------------------------------------------------------------------------------



Path 17: MET (4040 ps) Setup Check with Pin FP_x2_im_reg[22]/CK->D
          Group: clk
     Startpoint: (R) state_reg[1]/CK
          Clock: (R) clk
       Endpoint: (R) FP_x2_im_reg[22]/D
          Clock: (R) clk

                     Capture       Launch     
        Clock Edge:+   10000            0     
       Src Latency:+       0            0     
       Net Latency:+       0 (I)        0 (I) 
           Arrival:=   10000            0     
                                              
             Setup:-     122                  
     Required Time:=    9878                  
      Launch Clock:-       0                  
         Data Path:-    5838                  
             Slack:=    4040                  

#-------------------------------------------------------------------------------------------
#   Timing Point     Flags   Arc   Edge   Cell     Fanout Load Trans Delay Arrival Instance 
#                                                         (fF)  (ps)  (ps)   (ps)  Location 
#-------------------------------------------------------------------------------------------
  state_reg[1]/CK    -       -     R     (arrival)   1285    -     0     0       0    (-,-) 
  state_reg[1]/Q     -       CK->Q R     DFFRHQX1       4 12.3   201   344     344    (-,-) 
  g207872/Y          -       A->Y  F     NAND2X1        2  6.9   251   207     551    (-,-) 
  g207855/Y          -       AN->Y F     NAND2BX1       2  7.2   264   259     810    (-,-) 
  g207804/Y          -       B->Y  R     NOR2X1        14 39.1  1164   681    1491    (-,-) 
  g209896/Y          -       A->Y  F     INVX1         11 31.9   597   706    2197    (-,-) 
  g209888/Y          -       A->Y  R     INVX1         15 41.7   644   526    2723    (-,-) 
  g164023/Y          -       A->Y  F     INVX1          9 25.9   473   462    3185    (-,-) 
  g161689/Y          -       C->Y  F     OR3X1          2  7.2   157   344    3529    (-,-) 
  g161542/Y          -       B0->Y R     OAI21X1        2  7.5   302   121    3651    (-,-) 
  g163367/Y          -       B->Y  F     NOR2X1         3 10.3   208   208    3859    (-,-) 
  g163473/Y          -       B->Y  R     NOR2BX1       13 38.0  1135   647    4506    (-,-) 
  drc_bufs163255/Y   -       A->Y  F     INVX1          1  4.7   301   477    4982    (-,-) 
  drc_bufs163919/Y   -       A->Y  R     INVX1         12 35.3   536   371    5353    (-,-) 
  g160238/Y          -       B->Y  F     NAND2BX1       2  7.5   313   322    5675    (-,-) 
  g159914/Y          -       B0->Y R     OAI2BB1X1      1  4.6   125   163    5838    (-,-) 
  FP_x2_im_reg[22]/D -       -     R     DFFHQX1        1    -     -     0    5838    (-,-) 
#-------------------------------------------------------------------------------------------



Path 18: MET (4040 ps) Setup Check with Pin FP_x2_im_reg[20]/CK->D
          Group: clk
     Startpoint: (R) state_reg[1]/CK
          Clock: (R) clk
       Endpoint: (R) FP_x2_im_reg[20]/D
          Clock: (R) clk

                     Capture       Launch     
        Clock Edge:+   10000            0     
       Src Latency:+       0            0     
       Net Latency:+       0 (I)        0 (I) 
           Arrival:=   10000            0     
                                              
             Setup:-     122                  
     Required Time:=    9878                  
      Launch Clock:-       0                  
         Data Path:-    5838                  
             Slack:=    4040                  

#-------------------------------------------------------------------------------------------
#   Timing Point     Flags   Arc   Edge   Cell     Fanout Load Trans Delay Arrival Instance 
#                                                         (fF)  (ps)  (ps)   (ps)  Location 
#-------------------------------------------------------------------------------------------
  state_reg[1]/CK    -       -     R     (arrival)   1285    -     0     0       0    (-,-) 
  state_reg[1]/Q     -       CK->Q R     DFFRHQX1       4 12.3   201   344     344    (-,-) 
  g207872/Y          -       A->Y  F     NAND2X1        2  6.9   251   207     551    (-,-) 
  g207855/Y          -       AN->Y F     NAND2BX1       2  7.2   264   259     810    (-,-) 
  g207804/Y          -       B->Y  R     NOR2X1        14 39.1  1164   681    1491    (-,-) 
  g209896/Y          -       A->Y  F     INVX1         11 31.9   597   706    2197    (-,-) 
  g209888/Y          -       A->Y  R     INVX1         15 41.7   644   526    2723    (-,-) 
  g164023/Y          -       A->Y  F     INVX1          9 25.9   473   462    3185    (-,-) 
  g161689/Y          -       C->Y  F     OR3X1          2  7.2   157   344    3529    (-,-) 
  g161542/Y          -       B0->Y R     OAI21X1        2  7.5   302   121    3651    (-,-) 
  g163367/Y          -       B->Y  F     NOR2X1         3 10.3   208   208    3859    (-,-) 
  g163473/Y          -       B->Y  R     NOR2BX1       13 38.0  1135   647    4506    (-,-) 
  drc_bufs163255/Y   -       A->Y  F     INVX1          1  4.7   301   477    4982    (-,-) 
  drc_bufs163919/Y   -       A->Y  R     INVX1         12 35.3   536   371    5353    (-,-) 
  g160236/Y          -       B->Y  F     NAND2BX1       2  7.5   313   322    5675    (-,-) 
  g159912/Y          -       B0->Y R     OAI2BB1X1      1  4.6   125   163    5838    (-,-) 
  FP_x2_im_reg[20]/D -       -     R     DFFHQX1        1    -     -     0    5838    (-,-) 
#-------------------------------------------------------------------------------------------



Path 19: MET (4040 ps) Setup Check with Pin FP_x2_im_reg[18]/CK->D
          Group: clk
     Startpoint: (R) state_reg[1]/CK
          Clock: (R) clk
       Endpoint: (R) FP_x2_im_reg[18]/D
          Clock: (R) clk

                     Capture       Launch     
        Clock Edge:+   10000            0     
       Src Latency:+       0            0     
       Net Latency:+       0 (I)        0 (I) 
           Arrival:=   10000            0     
                                              
             Setup:-     122                  
     Required Time:=    9878                  
      Launch Clock:-       0                  
         Data Path:-    5838                  
             Slack:=    4040                  

#-------------------------------------------------------------------------------------------
#   Timing Point     Flags   Arc   Edge   Cell     Fanout Load Trans Delay Arrival Instance 
#                                                         (fF)  (ps)  (ps)   (ps)  Location 
#-------------------------------------------------------------------------------------------
  state_reg[1]/CK    -       -     R     (arrival)   1285    -     0     0       0    (-,-) 
  state_reg[1]/Q     -       CK->Q R     DFFRHQX1       4 12.3   201   344     344    (-,-) 
  g207872/Y          -       A->Y  F     NAND2X1        2  6.9   251   207     551    (-,-) 
  g207855/Y          -       AN->Y F     NAND2BX1       2  7.2   264   259     810    (-,-) 
  g207804/Y          -       B->Y  R     NOR2X1        14 39.1  1164   681    1491    (-,-) 
  g209896/Y          -       A->Y  F     INVX1         11 31.9   597   706    2197    (-,-) 
  g209888/Y          -       A->Y  R     INVX1         15 41.7   644   526    2723    (-,-) 
  g164023/Y          -       A->Y  F     INVX1          9 25.9   473   462    3185    (-,-) 
  g161689/Y          -       C->Y  F     OR3X1          2  7.2   157   344    3529    (-,-) 
  g161542/Y          -       B0->Y R     OAI21X1        2  7.5   302   121    3651    (-,-) 
  g163367/Y          -       B->Y  F     NOR2X1         3 10.3   208   208    3859    (-,-) 
  g163473/Y          -       B->Y  R     NOR2BX1       13 38.0  1135   647    4506    (-,-) 
  drc_bufs163255/Y   -       A->Y  F     INVX1          1  4.7   301   477    4982    (-,-) 
  drc_bufs163919/Y   -       A->Y  R     INVX1         12 35.3   536   371    5353    (-,-) 
  g160234/Y          -       B->Y  F     NAND2BX1       2  7.5   313   322    5675    (-,-) 
  g159910/Y          -       B0->Y R     OAI2BB1X1      1  4.6   125   163    5838    (-,-) 
  FP_x2_im_reg[18]/D -       -     R     DFFHQX1        1    -     -     0    5838    (-,-) 
#-------------------------------------------------------------------------------------------



Path 20: MET (4040 ps) Setup Check with Pin FP_x2_im_reg[16]/CK->D
          Group: clk
     Startpoint: (R) state_reg[1]/CK
          Clock: (R) clk
       Endpoint: (R) FP_x2_im_reg[16]/D
          Clock: (R) clk

                     Capture       Launch     
        Clock Edge:+   10000            0     
       Src Latency:+       0            0     
       Net Latency:+       0 (I)        0 (I) 
           Arrival:=   10000            0     
                                              
             Setup:-     122                  
     Required Time:=    9878                  
      Launch Clock:-       0                  
         Data Path:-    5838                  
             Slack:=    4040                  

#-------------------------------------------------------------------------------------------
#   Timing Point     Flags   Arc   Edge   Cell     Fanout Load Trans Delay Arrival Instance 
#                                                         (fF)  (ps)  (ps)   (ps)  Location 
#-------------------------------------------------------------------------------------------
  state_reg[1]/CK    -       -     R     (arrival)   1285    -     0     0       0    (-,-) 
  state_reg[1]/Q     -       CK->Q R     DFFRHQX1       4 12.3   201   344     344    (-,-) 
  g207872/Y          -       A->Y  F     NAND2X1        2  6.9   251   207     551    (-,-) 
  g207855/Y          -       AN->Y F     NAND2BX1       2  7.2   264   259     810    (-,-) 
  g207804/Y          -       B->Y  R     NOR2X1        14 39.1  1164   681    1491    (-,-) 
  g209896/Y          -       A->Y  F     INVX1         11 31.9   597   706    2197    (-,-) 
  g209888/Y          -       A->Y  R     INVX1         15 41.7   644   526    2723    (-,-) 
  g164023/Y          -       A->Y  F     INVX1          9 25.9   473   462    3185    (-,-) 
  g161689/Y          -       C->Y  F     OR3X1          2  7.2   157   344    3529    (-,-) 
  g161542/Y          -       B0->Y R     OAI21X1        2  7.5   302   121    3651    (-,-) 
  g163367/Y          -       B->Y  F     NOR2X1         3 10.3   208   208    3859    (-,-) 
  g163473/Y          -       B->Y  R     NOR2BX1       13 38.0  1135   647    4506    (-,-) 
  drc_bufs163255/Y   -       A->Y  F     INVX1          1  4.7   301   477    4982    (-,-) 
  drc_bufs163919/Y   -       A->Y  R     INVX1         12 35.3   536   371    5353    (-,-) 
  g160231/Y          -       B->Y  F     NAND2BX1       2  7.5   313   322    5675    (-,-) 
  g159908/Y          -       B0->Y R     OAI2BB1X1      1  4.6   125   163    5838    (-,-) 
  FP_x2_im_reg[16]/D -       -     R     DFFHQX1        1    -     -     0    5838    (-,-) 
#-------------------------------------------------------------------------------------------



Path 21: MET (4040 ps) Setup Check with Pin FP_x2_im_reg[15]/CK->D
          Group: clk
     Startpoint: (R) state_reg[1]/CK
          Clock: (R) clk
       Endpoint: (R) FP_x2_im_reg[15]/D
          Clock: (R) clk

                     Capture       Launch     
        Clock Edge:+   10000            0     
       Src Latency:+       0            0     
       Net Latency:+       0 (I)        0 (I) 
           Arrival:=   10000            0     
                                              
             Setup:-     122                  
     Required Time:=    9878                  
      Launch Clock:-       0                  
         Data Path:-    5838                  
             Slack:=    4040                  

#-------------------------------------------------------------------------------------------
#   Timing Point     Flags   Arc   Edge   Cell     Fanout Load Trans Delay Arrival Instance 
#                                                         (fF)  (ps)  (ps)   (ps)  Location 
#-------------------------------------------------------------------------------------------
  state_reg[1]/CK    -       -     R     (arrival)   1285    -     0     0       0    (-,-) 
  state_reg[1]/Q     -       CK->Q R     DFFRHQX1       4 12.3   201   344     344    (-,-) 
  g207872/Y          -       A->Y  F     NAND2X1        2  6.9   251   207     551    (-,-) 
  g207855/Y          -       AN->Y F     NAND2BX1       2  7.2   264   259     810    (-,-) 
  g207804/Y          -       B->Y  R     NOR2X1        14 39.1  1164   681    1491    (-,-) 
  g209896/Y          -       A->Y  F     INVX1         11 31.9   597   706    2197    (-,-) 
  g209888/Y          -       A->Y  R     INVX1         15 41.7   644   526    2723    (-,-) 
  g164023/Y          -       A->Y  F     INVX1          9 25.9   473   462    3185    (-,-) 
  g161689/Y          -       C->Y  F     OR3X1          2  7.2   157   344    3529    (-,-) 
  g161542/Y          -       B0->Y R     OAI21X1        2  7.5   302   121    3651    (-,-) 
  g163367/Y          -       B->Y  F     NOR2X1         3 10.3   208   208    3859    (-,-) 
  g163473/Y          -       B->Y  R     NOR2BX1       13 38.0  1135   647    4506    (-,-) 
  drc_bufs163255/Y   -       A->Y  F     INVX1          1  4.7   301   477    4982    (-,-) 
  drc_bufs163919/Y   -       A->Y  R     INVX1         12 35.3   536   371    5353    (-,-) 
  g160232/Y          -       B->Y  F     NAND2BX1       2  7.5   313   322    5675    (-,-) 
  g159907/Y          -       B0->Y R     OAI2BB1X1      1  4.6   125   163    5838    (-,-) 
  FP_x2_im_reg[15]/D -       -     R     DFFHQX1        1    -     -     0    5838    (-,-) 
#-------------------------------------------------------------------------------------------



Path 22: MET (4040 ps) Setup Check with Pin FP_x2_im_reg[14]/CK->D
          Group: clk
     Startpoint: (R) state_reg[1]/CK
          Clock: (R) clk
       Endpoint: (R) FP_x2_im_reg[14]/D
          Clock: (R) clk

                     Capture       Launch     
        Clock Edge:+   10000            0     
       Src Latency:+       0            0     
       Net Latency:+       0 (I)        0 (I) 
           Arrival:=   10000            0     
                                              
             Setup:-     122                  
     Required Time:=    9878                  
      Launch Clock:-       0                  
         Data Path:-    5838                  
             Slack:=    4040                  

#-------------------------------------------------------------------------------------------
#   Timing Point     Flags   Arc   Edge   Cell     Fanout Load Trans Delay Arrival Instance 
#                                                         (fF)  (ps)  (ps)   (ps)  Location 
#-------------------------------------------------------------------------------------------
  state_reg[1]/CK    -       -     R     (arrival)   1285    -     0     0       0    (-,-) 
  state_reg[1]/Q     -       CK->Q R     DFFRHQX1       4 12.3   201   344     344    (-,-) 
  g207872/Y          -       A->Y  F     NAND2X1        2  6.9   251   207     551    (-,-) 
  g207855/Y          -       AN->Y F     NAND2BX1       2  7.2   264   259     810    (-,-) 
  g207804/Y          -       B->Y  R     NOR2X1        14 39.1  1164   681    1491    (-,-) 
  g209896/Y          -       A->Y  F     INVX1         11 31.9   597   706    2197    (-,-) 
  g209888/Y          -       A->Y  R     INVX1         15 41.7   644   526    2723    (-,-) 
  g164023/Y          -       A->Y  F     INVX1          9 25.9   473   462    3185    (-,-) 
  g161689/Y          -       C->Y  F     OR3X1          2  7.2   157   344    3529    (-,-) 
  g161542/Y          -       B0->Y R     OAI21X1        2  7.5   302   121    3651    (-,-) 
  g163367/Y          -       B->Y  F     NOR2X1         3 10.3   208   208    3859    (-,-) 
  g163473/Y          -       B->Y  R     NOR2BX1       13 38.0  1135   647    4506    (-,-) 
  drc_bufs163255/Y   -       A->Y  F     INVX1          1  4.7   301   477    4982    (-,-) 
  drc_bufs163919/Y   -       A->Y  R     INVX1         12 35.3   536   371    5353    (-,-) 
  g160230/Y          -       B->Y  F     NAND2BX1       2  7.5   313   322    5675    (-,-) 
  g159906/Y          -       B0->Y R     OAI2BB1X1      1  4.6   125   163    5838    (-,-) 
  FP_x2_im_reg[14]/D -       -     R     DFFHQX1        1    -     -     0    5838    (-,-) 
#-------------------------------------------------------------------------------------------



Path 23: MET (4040 ps) Setup Check with Pin FP_x2_im_reg[13]/CK->D
          Group: clk
     Startpoint: (R) state_reg[1]/CK
          Clock: (R) clk
       Endpoint: (R) FP_x2_im_reg[13]/D
          Clock: (R) clk

                     Capture       Launch     
        Clock Edge:+   10000            0     
       Src Latency:+       0            0     
       Net Latency:+       0 (I)        0 (I) 
           Arrival:=   10000            0     
                                              
             Setup:-     122                  
     Required Time:=    9878                  
      Launch Clock:-       0                  
         Data Path:-    5838                  
             Slack:=    4040                  

#-------------------------------------------------------------------------------------------
#   Timing Point     Flags   Arc   Edge   Cell     Fanout Load Trans Delay Arrival Instance 
#                                                         (fF)  (ps)  (ps)   (ps)  Location 
#-------------------------------------------------------------------------------------------
  state_reg[1]/CK    -       -     R     (arrival)   1285    -     0     0       0    (-,-) 
  state_reg[1]/Q     -       CK->Q R     DFFRHQX1       4 12.3   201   344     344    (-,-) 
  g207872/Y          -       A->Y  F     NAND2X1        2  6.9   251   207     551    (-,-) 
  g207855/Y          -       AN->Y F     NAND2BX1       2  7.2   264   259     810    (-,-) 
  g207804/Y          -       B->Y  R     NOR2X1        14 39.1  1164   681    1491    (-,-) 
  g209896/Y          -       A->Y  F     INVX1         11 31.9   597   706    2197    (-,-) 
  g209888/Y          -       A->Y  R     INVX1         15 41.7   644   526    2723    (-,-) 
  g164023/Y          -       A->Y  F     INVX1          9 25.9   473   462    3185    (-,-) 
  g161689/Y          -       C->Y  F     OR3X1          2  7.2   157   344    3529    (-,-) 
  g161542/Y          -       B0->Y R     OAI21X1        2  7.5   302   121    3651    (-,-) 
  g163367/Y          -       B->Y  F     NOR2X1         3 10.3   208   208    3859    (-,-) 
  g163473/Y          -       B->Y  R     NOR2BX1       13 38.0  1135   647    4506    (-,-) 
  drc_bufs163255/Y   -       A->Y  F     INVX1          1  4.7   301   477    4982    (-,-) 
  drc_bufs163919/Y   -       A->Y  R     INVX1         12 35.3   536   371    5353    (-,-) 
  g160229/Y          -       B->Y  F     NAND2BX1       2  7.5   313   322    5675    (-,-) 
  g159904/Y          -       B0->Y R     OAI2BB1X1      1  4.6   125   163    5838    (-,-) 
  FP_x2_im_reg[13]/D -       -     R     DFFHQX1        1    -     -     0    5838    (-,-) 
#-------------------------------------------------------------------------------------------



Path 24: MET (4040 ps) Setup Check with Pin FP_x2_im_reg[12]/CK->D
          Group: clk
     Startpoint: (R) state_reg[1]/CK
          Clock: (R) clk
       Endpoint: (R) FP_x2_im_reg[12]/D
          Clock: (R) clk

                     Capture       Launch     
        Clock Edge:+   10000            0     
       Src Latency:+       0            0     
       Net Latency:+       0 (I)        0 (I) 
           Arrival:=   10000            0     
                                              
             Setup:-     122                  
     Required Time:=    9878                  
      Launch Clock:-       0                  
         Data Path:-    5838                  
             Slack:=    4040                  

#-------------------------------------------------------------------------------------------
#   Timing Point     Flags   Arc   Edge   Cell     Fanout Load Trans Delay Arrival Instance 
#                                                         (fF)  (ps)  (ps)   (ps)  Location 
#-------------------------------------------------------------------------------------------
  state_reg[1]/CK    -       -     R     (arrival)   1285    -     0     0       0    (-,-) 
  state_reg[1]/Q     -       CK->Q R     DFFRHQX1       4 12.3   201   344     344    (-,-) 
  g207872/Y          -       A->Y  F     NAND2X1        2  6.9   251   207     551    (-,-) 
  g207855/Y          -       AN->Y F     NAND2BX1       2  7.2   264   259     810    (-,-) 
  g207804/Y          -       B->Y  R     NOR2X1        14 39.1  1164   681    1491    (-,-) 
  g209896/Y          -       A->Y  F     INVX1         11 31.9   597   706    2197    (-,-) 
  g209888/Y          -       A->Y  R     INVX1         15 41.7   644   526    2723    (-,-) 
  g164023/Y          -       A->Y  F     INVX1          9 25.9   473   462    3185    (-,-) 
  g161689/Y          -       C->Y  F     OR3X1          2  7.2   157   344    3529    (-,-) 
  g161542/Y          -       B0->Y R     OAI21X1        2  7.5   302   121    3651    (-,-) 
  g163367/Y          -       B->Y  F     NOR2X1         3 10.3   208   208    3859    (-,-) 
  g163473/Y          -       B->Y  R     NOR2BX1       13 38.0  1135   647    4506    (-,-) 
  drc_bufs163255/Y   -       A->Y  F     INVX1          1  4.7   301   477    4982    (-,-) 
  drc_bufs163919/Y   -       A->Y  R     INVX1         12 35.3   536   371    5353    (-,-) 
  g160228/Y          -       B->Y  F     NAND2BX1       2  7.5   313   322    5675    (-,-) 
  g159905/Y          -       B0->Y R     OAI2BB1X1      1  4.6   125   163    5838    (-,-) 
  FP_x2_im_reg[12]/D -       -     R     DFFHQX1        1    -     -     0    5838    (-,-) 
#-------------------------------------------------------------------------------------------



Path 25: MET (4040 ps) Setup Check with Pin FP_x2_im_reg[11]/CK->D
          Group: clk
     Startpoint: (R) state_reg[1]/CK
          Clock: (R) clk
       Endpoint: (R) FP_x2_im_reg[11]/D
          Clock: (R) clk

                     Capture       Launch     
        Clock Edge:+   10000            0     
       Src Latency:+       0            0     
       Net Latency:+       0 (I)        0 (I) 
           Arrival:=   10000            0     
                                              
             Setup:-     122                  
     Required Time:=    9878                  
      Launch Clock:-       0                  
         Data Path:-    5838                  
             Slack:=    4040                  

#-------------------------------------------------------------------------------------------
#   Timing Point     Flags   Arc   Edge   Cell     Fanout Load Trans Delay Arrival Instance 
#                                                         (fF)  (ps)  (ps)   (ps)  Location 
#-------------------------------------------------------------------------------------------
  state_reg[1]/CK    -       -     R     (arrival)   1285    -     0     0       0    (-,-) 
  state_reg[1]/Q     -       CK->Q R     DFFRHQX1       4 12.3   201   344     344    (-,-) 
  g207872/Y          -       A->Y  F     NAND2X1        2  6.9   251   207     551    (-,-) 
  g207855/Y          -       AN->Y F     NAND2BX1       2  7.2   264   259     810    (-,-) 
  g207804/Y          -       B->Y  R     NOR2X1        14 39.1  1164   681    1491    (-,-) 
  g209896/Y          -       A->Y  F     INVX1         11 31.9   597   706    2197    (-,-) 
  g209888/Y          -       A->Y  R     INVX1         15 41.7   644   526    2723    (-,-) 
  g164023/Y          -       A->Y  F     INVX1          9 25.9   473   462    3185    (-,-) 
  g161689/Y          -       C->Y  F     OR3X1          2  7.2   157   344    3529    (-,-) 
  g161542/Y          -       B0->Y R     OAI21X1        2  7.5   302   121    3651    (-,-) 
  g163367/Y          -       B->Y  F     NOR2X1         3 10.3   208   208    3859    (-,-) 
  g163473/Y          -       B->Y  R     NOR2BX1       13 38.0  1135   647    4506    (-,-) 
  drc_bufs163255/Y   -       A->Y  F     INVX1          1  4.7   301   477    4982    (-,-) 
  drc_bufs163919/Y   -       A->Y  R     INVX1         12 35.3   536   371    5353    (-,-) 
  g160227/Y          -       B->Y  F     NAND2BX1       2  7.5   313   322    5675    (-,-) 
  g159903/Y          -       B0->Y R     OAI2BB1X1      1  4.6   125   163    5838    (-,-) 
  FP_x2_im_reg[11]/D -       -     R     DFFHQX1        1    -     -     0    5838    (-,-) 
#-------------------------------------------------------------------------------------------



Path 26: MET (4040 ps) Setup Check with Pin FP_x2_im_reg[5]/CK->D
          Group: clk
     Startpoint: (R) state_reg[1]/CK
          Clock: (R) clk
       Endpoint: (R) FP_x2_im_reg[5]/D
          Clock: (R) clk

                     Capture       Launch     
        Clock Edge:+   10000            0     
       Src Latency:+       0            0     
       Net Latency:+       0 (I)        0 (I) 
           Arrival:=   10000            0     
                                              
             Setup:-     122                  
     Required Time:=    9878                  
      Launch Clock:-       0                  
         Data Path:-    5838                  
             Slack:=    4040                  

#------------------------------------------------------------------------------------------
#   Timing Point    Flags   Arc   Edge   Cell     Fanout Load Trans Delay Arrival Instance 
#                                                        (fF)  (ps)  (ps)   (ps)  Location 
#------------------------------------------------------------------------------------------
  state_reg[1]/CK   -       -     R     (arrival)   1285    -     0     0       0    (-,-) 
  state_reg[1]/Q    -       CK->Q R     DFFRHQX1       4 12.3   201   344     344    (-,-) 
  g207872/Y         -       A->Y  F     NAND2X1        2  6.9   251   207     551    (-,-) 
  g207855/Y         -       AN->Y F     NAND2BX1       2  7.2   264   259     810    (-,-) 
  g207804/Y         -       B->Y  R     NOR2X1        14 39.1  1164   681    1491    (-,-) 
  g209896/Y         -       A->Y  F     INVX1         11 31.9   597   706    2197    (-,-) 
  g209888/Y         -       A->Y  R     INVX1         15 41.7   644   526    2723    (-,-) 
  g164023/Y         -       A->Y  F     INVX1          9 25.9   473   462    3185    (-,-) 
  g161689/Y         -       C->Y  F     OR3X1          2  7.2   157   344    3529    (-,-) 
  g161542/Y         -       B0->Y R     OAI21X1        2  7.5   302   121    3651    (-,-) 
  g163367/Y         -       B->Y  F     NOR2X1         3 10.3   208   208    3859    (-,-) 
  g163473/Y         -       B->Y  R     NOR2BX1       13 38.0  1135   647    4506    (-,-) 
  drc_bufs163255/Y  -       A->Y  F     INVX1          1  4.7   301   477    4982    (-,-) 
  drc_bufs163919/Y  -       A->Y  R     INVX1         12 35.3   536   371    5353    (-,-) 
  g160221/Y         -       B->Y  F     NAND2BX1       2  7.5   313   322    5675    (-,-) 
  g159895/Y         -       B0->Y R     OAI2BB1X1      1  4.6   125   163    5838    (-,-) 
  FP_x2_im_reg[5]/D -       -     R     DFFHQX1        1    -     -     0    5838    (-,-) 
#------------------------------------------------------------------------------------------



Path 27: MET (4040 ps) Setup Check with Pin FP_x2_im_reg[4]/CK->D
          Group: clk
     Startpoint: (R) state_reg[1]/CK
          Clock: (R) clk
       Endpoint: (R) FP_x2_im_reg[4]/D
          Clock: (R) clk

                     Capture       Launch     
        Clock Edge:+   10000            0     
       Src Latency:+       0            0     
       Net Latency:+       0 (I)        0 (I) 
           Arrival:=   10000            0     
                                              
             Setup:-     122                  
     Required Time:=    9878                  
      Launch Clock:-       0                  
         Data Path:-    5838                  
             Slack:=    4040                  

#------------------------------------------------------------------------------------------
#   Timing Point    Flags   Arc   Edge   Cell     Fanout Load Trans Delay Arrival Instance 
#                                                        (fF)  (ps)  (ps)   (ps)  Location 
#------------------------------------------------------------------------------------------
  state_reg[1]/CK   -       -     R     (arrival)   1285    -     0     0       0    (-,-) 
  state_reg[1]/Q    -       CK->Q R     DFFRHQX1       4 12.3   201   344     344    (-,-) 
  g207872/Y         -       A->Y  F     NAND2X1        2  6.9   251   207     551    (-,-) 
  g207855/Y         -       AN->Y F     NAND2BX1       2  7.2   264   259     810    (-,-) 
  g207804/Y         -       B->Y  R     NOR2X1        14 39.1  1164   681    1491    (-,-) 
  g209896/Y         -       A->Y  F     INVX1         11 31.9   597   706    2197    (-,-) 
  g209888/Y         -       A->Y  R     INVX1         15 41.7   644   526    2723    (-,-) 
  g164023/Y         -       A->Y  F     INVX1          9 25.9   473   462    3185    (-,-) 
  g161689/Y         -       C->Y  F     OR3X1          2  7.2   157   344    3529    (-,-) 
  g161542/Y         -       B0->Y R     OAI21X1        2  7.5   302   121    3651    (-,-) 
  g163367/Y         -       B->Y  F     NOR2X1         3 10.3   208   208    3859    (-,-) 
  g163473/Y         -       B->Y  R     NOR2BX1       13 38.0  1135   647    4506    (-,-) 
  drc_bufs163255/Y  -       A->Y  F     INVX1          1  4.7   301   477    4982    (-,-) 
  drc_bufs163919/Y  -       A->Y  R     INVX1         12 35.3   536   371    5353    (-,-) 
  g160220/Y         -       B->Y  F     NAND2BX1       2  7.5   313   322    5675    (-,-) 
  g159897/Y         -       B0->Y R     OAI2BB1X1      1  4.6   125   163    5838    (-,-) 
  FP_x2_im_reg[4]/D -       -     R     DFFHQX1        1    -     -     0    5838    (-,-) 
#------------------------------------------------------------------------------------------



Path 28: MET (4040 ps) Setup Check with Pin FP_x1_im_reg[23]/CK->D
          Group: clk
     Startpoint: (R) state_reg[1]/CK
          Clock: (R) clk
       Endpoint: (R) FP_x1_im_reg[23]/D
          Clock: (R) clk

                     Capture       Launch     
        Clock Edge:+   10000            0     
       Src Latency:+       0            0     
       Net Latency:+       0 (I)        0 (I) 
           Arrival:=   10000            0     
                                              
             Setup:-     122                  
     Required Time:=    9878                  
      Launch Clock:-       0                  
         Data Path:-    5838                  
             Slack:=    4040                  

#-------------------------------------------------------------------------------------------
#   Timing Point     Flags   Arc   Edge   Cell     Fanout Load Trans Delay Arrival Instance 
#                                                         (fF)  (ps)  (ps)   (ps)  Location 
#-------------------------------------------------------------------------------------------
  state_reg[1]/CK    -       -     R     (arrival)   1285    -     0     0       0    (-,-) 
  state_reg[1]/Q     -       CK->Q R     DFFRHQX1       4 12.3   201   344     344    (-,-) 
  g207872/Y          -       A->Y  F     NAND2X1        2  6.9   251   207     551    (-,-) 
  g207855/Y          -       AN->Y F     NAND2BX1       2  7.2   264   259     810    (-,-) 
  g207804/Y          -       B->Y  R     NOR2X1        14 39.1  1164   681    1491    (-,-) 
  g209896/Y          -       A->Y  F     INVX1         11 31.9   597   706    2197    (-,-) 
  g209888/Y          -       A->Y  R     INVX1         15 41.7   644   526    2723    (-,-) 
  g164023/Y          -       A->Y  F     INVX1          9 25.9   473   462    3185    (-,-) 
  g161689/Y          -       C->Y  F     OR3X1          2  7.2   157   344    3529    (-,-) 
  g161542/Y          -       B0->Y R     OAI21X1        2  7.5   302   121    3651    (-,-) 
  g163367/Y          -       B->Y  F     NOR2X1         3 10.3   208   208    3859    (-,-) 
  g163473/Y          -       B->Y  R     NOR2BX1       13 38.0  1135   647    4506    (-,-) 
  drc_bufs163255/Y   -       A->Y  F     INVX1          1  4.7   301   477    4982    (-,-) 
  drc_bufs163919/Y   -       A->Y  R     INVX1         12 35.3   536   371    5353    (-,-) 
  g160239/Y          -       B->Y  F     NAND2BX1       2  7.5   313   322    5675    (-,-) 
  g159939/Y          -       B0->Y R     OAI2BB1X1      1  4.6   125   163    5838    (-,-) 
  FP_x1_im_reg[23]/D -       -     R     DFFHQX1        1    -     -     0    5838    (-,-) 
#-------------------------------------------------------------------------------------------



Path 29: MET (4040 ps) Setup Check with Pin FP_x1_im_reg[22]/CK->D
          Group: clk
     Startpoint: (R) state_reg[1]/CK
          Clock: (R) clk
       Endpoint: (R) FP_x1_im_reg[22]/D
          Clock: (R) clk

                     Capture       Launch     
        Clock Edge:+   10000            0     
       Src Latency:+       0            0     
       Net Latency:+       0 (I)        0 (I) 
           Arrival:=   10000            0     
                                              
             Setup:-     122                  
     Required Time:=    9878                  
      Launch Clock:-       0                  
         Data Path:-    5838                  
             Slack:=    4040                  

#-------------------------------------------------------------------------------------------
#   Timing Point     Flags   Arc   Edge   Cell     Fanout Load Trans Delay Arrival Instance 
#                                                         (fF)  (ps)  (ps)   (ps)  Location 
#-------------------------------------------------------------------------------------------
  state_reg[1]/CK    -       -     R     (arrival)   1285    -     0     0       0    (-,-) 
  state_reg[1]/Q     -       CK->Q R     DFFRHQX1       4 12.3   201   344     344    (-,-) 
  g207872/Y          -       A->Y  F     NAND2X1        2  6.9   251   207     551    (-,-) 
  g207855/Y          -       AN->Y F     NAND2BX1       2  7.2   264   259     810    (-,-) 
  g207804/Y          -       B->Y  R     NOR2X1        14 39.1  1164   681    1491    (-,-) 
  g209896/Y          -       A->Y  F     INVX1         11 31.9   597   706    2197    (-,-) 
  g209888/Y          -       A->Y  R     INVX1         15 41.7   644   526    2723    (-,-) 
  g164023/Y          -       A->Y  F     INVX1          9 25.9   473   462    3185    (-,-) 
  g161689/Y          -       C->Y  F     OR3X1          2  7.2   157   344    3529    (-,-) 
  g161542/Y          -       B0->Y R     OAI21X1        2  7.5   302   121    3651    (-,-) 
  g163367/Y          -       B->Y  F     NOR2X1         3 10.3   208   208    3859    (-,-) 
  g163473/Y          -       B->Y  R     NOR2BX1       13 38.0  1135   647    4506    (-,-) 
  drc_bufs163255/Y   -       A->Y  F     INVX1          1  4.7   301   477    4982    (-,-) 
  drc_bufs163919/Y   -       A->Y  R     INVX1         12 35.3   536   371    5353    (-,-) 
  g160238/Y          -       B->Y  F     NAND2BX1       2  7.5   313   322    5675    (-,-) 
  g159938/Y          -       B0->Y R     OAI2BB1X1      1  4.6   125   163    5838    (-,-) 
  FP_x1_im_reg[22]/D -       -     R     DFFHQX1        1    -     -     0    5838    (-,-) 
#-------------------------------------------------------------------------------------------



Path 30: MET (4040 ps) Setup Check with Pin FP_x1_im_reg[20]/CK->D
          Group: clk
     Startpoint: (R) state_reg[1]/CK
          Clock: (R) clk
       Endpoint: (R) FP_x1_im_reg[20]/D
          Clock: (R) clk

                     Capture       Launch     
        Clock Edge:+   10000            0     
       Src Latency:+       0            0     
       Net Latency:+       0 (I)        0 (I) 
           Arrival:=   10000            0     
                                              
             Setup:-     122                  
     Required Time:=    9878                  
      Launch Clock:-       0                  
         Data Path:-    5838                  
             Slack:=    4040                  

#-------------------------------------------------------------------------------------------
#   Timing Point     Flags   Arc   Edge   Cell     Fanout Load Trans Delay Arrival Instance 
#                                                         (fF)  (ps)  (ps)   (ps)  Location 
#-------------------------------------------------------------------------------------------
  state_reg[1]/CK    -       -     R     (arrival)   1285    -     0     0       0    (-,-) 
  state_reg[1]/Q     -       CK->Q R     DFFRHQX1       4 12.3   201   344     344    (-,-) 
  g207872/Y          -       A->Y  F     NAND2X1        2  6.9   251   207     551    (-,-) 
  g207855/Y          -       AN->Y F     NAND2BX1       2  7.2   264   259     810    (-,-) 
  g207804/Y          -       B->Y  R     NOR2X1        14 39.1  1164   681    1491    (-,-) 
  g209896/Y          -       A->Y  F     INVX1         11 31.9   597   706    2197    (-,-) 
  g209888/Y          -       A->Y  R     INVX1         15 41.7   644   526    2723    (-,-) 
  g164023/Y          -       A->Y  F     INVX1          9 25.9   473   462    3185    (-,-) 
  g161689/Y          -       C->Y  F     OR3X1          2  7.2   157   344    3529    (-,-) 
  g161542/Y          -       B0->Y R     OAI21X1        2  7.5   302   121    3651    (-,-) 
  g163367/Y          -       B->Y  F     NOR2X1         3 10.3   208   208    3859    (-,-) 
  g163473/Y          -       B->Y  R     NOR2BX1       13 38.0  1135   647    4506    (-,-) 
  drc_bufs163255/Y   -       A->Y  F     INVX1          1  4.7   301   477    4982    (-,-) 
  drc_bufs163919/Y   -       A->Y  R     INVX1         12 35.3   536   371    5353    (-,-) 
  g160236/Y          -       B->Y  F     NAND2BX1       2  7.5   313   322    5675    (-,-) 
  g159936/Y          -       B0->Y R     OAI2BB1X1      1  4.6   125   163    5838    (-,-) 
  FP_x1_im_reg[20]/D -       -     R     DFFHQX1        1    -     -     0    5838    (-,-) 
#-------------------------------------------------------------------------------------------



Path 31: MET (4040 ps) Setup Check with Pin FP_x1_im_reg[18]/CK->D
          Group: clk
     Startpoint: (R) state_reg[1]/CK
          Clock: (R) clk
       Endpoint: (R) FP_x1_im_reg[18]/D
          Clock: (R) clk

                     Capture       Launch     
        Clock Edge:+   10000            0     
       Src Latency:+       0            0     
       Net Latency:+       0 (I)        0 (I) 
           Arrival:=   10000            0     
                                              
             Setup:-     122                  
     Required Time:=    9878                  
      Launch Clock:-       0                  
         Data Path:-    5838                  
             Slack:=    4040                  

#-------------------------------------------------------------------------------------------
#   Timing Point     Flags   Arc   Edge   Cell     Fanout Load Trans Delay Arrival Instance 
#                                                         (fF)  (ps)  (ps)   (ps)  Location 
#-------------------------------------------------------------------------------------------
  state_reg[1]/CK    -       -     R     (arrival)   1285    -     0     0       0    (-,-) 
  state_reg[1]/Q     -       CK->Q R     DFFRHQX1       4 12.3   201   344     344    (-,-) 
  g207872/Y          -       A->Y  F     NAND2X1        2  6.9   251   207     551    (-,-) 
  g207855/Y          -       AN->Y F     NAND2BX1       2  7.2   264   259     810    (-,-) 
  g207804/Y          -       B->Y  R     NOR2X1        14 39.1  1164   681    1491    (-,-) 
  g209896/Y          -       A->Y  F     INVX1         11 31.9   597   706    2197    (-,-) 
  g209888/Y          -       A->Y  R     INVX1         15 41.7   644   526    2723    (-,-) 
  g164023/Y          -       A->Y  F     INVX1          9 25.9   473   462    3185    (-,-) 
  g161689/Y          -       C->Y  F     OR3X1          2  7.2   157   344    3529    (-,-) 
  g161542/Y          -       B0->Y R     OAI21X1        2  7.5   302   121    3651    (-,-) 
  g163367/Y          -       B->Y  F     NOR2X1         3 10.3   208   208    3859    (-,-) 
  g163473/Y          -       B->Y  R     NOR2BX1       13 38.0  1135   647    4506    (-,-) 
  drc_bufs163255/Y   -       A->Y  F     INVX1          1  4.7   301   477    4982    (-,-) 
  drc_bufs163919/Y   -       A->Y  R     INVX1         12 35.3   536   371    5353    (-,-) 
  g160234/Y          -       B->Y  F     NAND2BX1       2  7.5   313   322    5675    (-,-) 
  g159933/Y          -       B0->Y R     OAI2BB1X1      1  4.6   125   163    5838    (-,-) 
  FP_x1_im_reg[18]/D -       -     R     DFFHQX1        1    -     -     0    5838    (-,-) 
#-------------------------------------------------------------------------------------------



Path 32: MET (4040 ps) Setup Check with Pin FP_x1_im_reg[16]/CK->D
          Group: clk
     Startpoint: (R) state_reg[1]/CK
          Clock: (R) clk
       Endpoint: (R) FP_x1_im_reg[16]/D
          Clock: (R) clk

                     Capture       Launch     
        Clock Edge:+   10000            0     
       Src Latency:+       0            0     
       Net Latency:+       0 (I)        0 (I) 
           Arrival:=   10000            0     
                                              
             Setup:-     122                  
     Required Time:=    9878                  
      Launch Clock:-       0                  
         Data Path:-    5838                  
             Slack:=    4040                  

#-------------------------------------------------------------------------------------------
#   Timing Point     Flags   Arc   Edge   Cell     Fanout Load Trans Delay Arrival Instance 
#                                                         (fF)  (ps)  (ps)   (ps)  Location 
#-------------------------------------------------------------------------------------------
  state_reg[1]/CK    -       -     R     (arrival)   1285    -     0     0       0    (-,-) 
  state_reg[1]/Q     -       CK->Q R     DFFRHQX1       4 12.3   201   344     344    (-,-) 
  g207872/Y          -       A->Y  F     NAND2X1        2  6.9   251   207     551    (-,-) 
  g207855/Y          -       AN->Y F     NAND2BX1       2  7.2   264   259     810    (-,-) 
  g207804/Y          -       B->Y  R     NOR2X1        14 39.1  1164   681    1491    (-,-) 
  g209896/Y          -       A->Y  F     INVX1         11 31.9   597   706    2197    (-,-) 
  g209888/Y          -       A->Y  R     INVX1         15 41.7   644   526    2723    (-,-) 
  g164023/Y          -       A->Y  F     INVX1          9 25.9   473   462    3185    (-,-) 
  g161689/Y          -       C->Y  F     OR3X1          2  7.2   157   344    3529    (-,-) 
  g161542/Y          -       B0->Y R     OAI21X1        2  7.5   302   121    3651    (-,-) 
  g163367/Y          -       B->Y  F     NOR2X1         3 10.3   208   208    3859    (-,-) 
  g163473/Y          -       B->Y  R     NOR2BX1       13 38.0  1135   647    4506    (-,-) 
  drc_bufs163255/Y   -       A->Y  F     INVX1          1  4.7   301   477    4982    (-,-) 
  drc_bufs163919/Y   -       A->Y  R     INVX1         12 35.3   536   371    5353    (-,-) 
  g160231/Y          -       B->Y  F     NAND2BX1       2  7.5   313   322    5675    (-,-) 
  g159931/Y          -       B0->Y R     OAI2BB1X1      1  4.6   125   163    5838    (-,-) 
  FP_x1_im_reg[16]/D -       -     R     DFFHQX1        1    -     -     0    5838    (-,-) 
#-------------------------------------------------------------------------------------------



Path 33: MET (4040 ps) Setup Check with Pin FP_x1_im_reg[15]/CK->D
          Group: clk
     Startpoint: (R) state_reg[1]/CK
          Clock: (R) clk
       Endpoint: (R) FP_x1_im_reg[15]/D
          Clock: (R) clk

                     Capture       Launch     
        Clock Edge:+   10000            0     
       Src Latency:+       0            0     
       Net Latency:+       0 (I)        0 (I) 
           Arrival:=   10000            0     
                                              
             Setup:-     122                  
     Required Time:=    9878                  
      Launch Clock:-       0                  
         Data Path:-    5838                  
             Slack:=    4040                  

#-------------------------------------------------------------------------------------------
#   Timing Point     Flags   Arc   Edge   Cell     Fanout Load Trans Delay Arrival Instance 
#                                                         (fF)  (ps)  (ps)   (ps)  Location 
#-------------------------------------------------------------------------------------------
  state_reg[1]/CK    -       -     R     (arrival)   1285    -     0     0       0    (-,-) 
  state_reg[1]/Q     -       CK->Q R     DFFRHQX1       4 12.3   201   344     344    (-,-) 
  g207872/Y          -       A->Y  F     NAND2X1        2  6.9   251   207     551    (-,-) 
  g207855/Y          -       AN->Y F     NAND2BX1       2  7.2   264   259     810    (-,-) 
  g207804/Y          -       B->Y  R     NOR2X1        14 39.1  1164   681    1491    (-,-) 
  g209896/Y          -       A->Y  F     INVX1         11 31.9   597   706    2197    (-,-) 
  g209888/Y          -       A->Y  R     INVX1         15 41.7   644   526    2723    (-,-) 
  g164023/Y          -       A->Y  F     INVX1          9 25.9   473   462    3185    (-,-) 
  g161689/Y          -       C->Y  F     OR3X1          2  7.2   157   344    3529    (-,-) 
  g161542/Y          -       B0->Y R     OAI21X1        2  7.5   302   121    3651    (-,-) 
  g163367/Y          -       B->Y  F     NOR2X1         3 10.3   208   208    3859    (-,-) 
  g163473/Y          -       B->Y  R     NOR2BX1       13 38.0  1135   647    4506    (-,-) 
  drc_bufs163255/Y   -       A->Y  F     INVX1          1  4.7   301   477    4982    (-,-) 
  drc_bufs163919/Y   -       A->Y  R     INVX1         12 35.3   536   371    5353    (-,-) 
  g160232/Y          -       B->Y  F     NAND2BX1       2  7.5   313   322    5675    (-,-) 
  g159934/Y          -       B0->Y R     OAI2BB1X1      1  4.6   125   163    5838    (-,-) 
  FP_x1_im_reg[15]/D -       -     R     DFFHQX1        1    -     -     0    5838    (-,-) 
#-------------------------------------------------------------------------------------------



Path 34: MET (4040 ps) Setup Check with Pin FP_x1_im_reg[14]/CK->D
          Group: clk
     Startpoint: (R) state_reg[1]/CK
          Clock: (R) clk
       Endpoint: (R) FP_x1_im_reg[14]/D
          Clock: (R) clk

                     Capture       Launch     
        Clock Edge:+   10000            0     
       Src Latency:+       0            0     
       Net Latency:+       0 (I)        0 (I) 
           Arrival:=   10000            0     
                                              
             Setup:-     122                  
     Required Time:=    9878                  
      Launch Clock:-       0                  
         Data Path:-    5838                  
             Slack:=    4040                  

#-------------------------------------------------------------------------------------------
#   Timing Point     Flags   Arc   Edge   Cell     Fanout Load Trans Delay Arrival Instance 
#                                                         (fF)  (ps)  (ps)   (ps)  Location 
#-------------------------------------------------------------------------------------------
  state_reg[1]/CK    -       -     R     (arrival)   1285    -     0     0       0    (-,-) 
  state_reg[1]/Q     -       CK->Q R     DFFRHQX1       4 12.3   201   344     344    (-,-) 
  g207872/Y          -       A->Y  F     NAND2X1        2  6.9   251   207     551    (-,-) 
  g207855/Y          -       AN->Y F     NAND2BX1       2  7.2   264   259     810    (-,-) 
  g207804/Y          -       B->Y  R     NOR2X1        14 39.1  1164   681    1491    (-,-) 
  g209896/Y          -       A->Y  F     INVX1         11 31.9   597   706    2197    (-,-) 
  g209888/Y          -       A->Y  R     INVX1         15 41.7   644   526    2723    (-,-) 
  g164023/Y          -       A->Y  F     INVX1          9 25.9   473   462    3185    (-,-) 
  g161689/Y          -       C->Y  F     OR3X1          2  7.2   157   344    3529    (-,-) 
  g161542/Y          -       B0->Y R     OAI21X1        2  7.5   302   121    3651    (-,-) 
  g163367/Y          -       B->Y  F     NOR2X1         3 10.3   208   208    3859    (-,-) 
  g163473/Y          -       B->Y  R     NOR2BX1       13 38.0  1135   647    4506    (-,-) 
  drc_bufs163255/Y   -       A->Y  F     INVX1          1  4.7   301   477    4982    (-,-) 
  drc_bufs163919/Y   -       A->Y  R     INVX1         12 35.3   536   371    5353    (-,-) 
  g160230/Y          -       B->Y  F     NAND2BX1       2  7.5   313   322    5675    (-,-) 
  g159930/Y          -       B0->Y R     OAI2BB1X1      1  4.6   125   163    5838    (-,-) 
  FP_x1_im_reg[14]/D -       -     R     DFFHQX1        1    -     -     0    5838    (-,-) 
#-------------------------------------------------------------------------------------------



Path 35: MET (4040 ps) Setup Check with Pin FP_x1_im_reg[13]/CK->D
          Group: clk
     Startpoint: (R) state_reg[1]/CK
          Clock: (R) clk
       Endpoint: (R) FP_x1_im_reg[13]/D
          Clock: (R) clk

                     Capture       Launch     
        Clock Edge:+   10000            0     
       Src Latency:+       0            0     
       Net Latency:+       0 (I)        0 (I) 
           Arrival:=   10000            0     
                                              
             Setup:-     122                  
     Required Time:=    9878                  
      Launch Clock:-       0                  
         Data Path:-    5838                  
             Slack:=    4040                  

#-------------------------------------------------------------------------------------------
#   Timing Point     Flags   Arc   Edge   Cell     Fanout Load Trans Delay Arrival Instance 
#                                                         (fF)  (ps)  (ps)   (ps)  Location 
#-------------------------------------------------------------------------------------------
  state_reg[1]/CK    -       -     R     (arrival)   1285    -     0     0       0    (-,-) 
  state_reg[1]/Q     -       CK->Q R     DFFRHQX1       4 12.3   201   344     344    (-,-) 
  g207872/Y          -       A->Y  F     NAND2X1        2  6.9   251   207     551    (-,-) 
  g207855/Y          -       AN->Y F     NAND2BX1       2  7.2   264   259     810    (-,-) 
  g207804/Y          -       B->Y  R     NOR2X1        14 39.1  1164   681    1491    (-,-) 
  g209896/Y          -       A->Y  F     INVX1         11 31.9   597   706    2197    (-,-) 
  g209888/Y          -       A->Y  R     INVX1         15 41.7   644   526    2723    (-,-) 
  g164023/Y          -       A->Y  F     INVX1          9 25.9   473   462    3185    (-,-) 
  g161689/Y          -       C->Y  F     OR3X1          2  7.2   157   344    3529    (-,-) 
  g161542/Y          -       B0->Y R     OAI21X1        2  7.5   302   121    3651    (-,-) 
  g163367/Y          -       B->Y  F     NOR2X1         3 10.3   208   208    3859    (-,-) 
  g163473/Y          -       B->Y  R     NOR2BX1       13 38.0  1135   647    4506    (-,-) 
  drc_bufs163255/Y   -       A->Y  F     INVX1          1  4.7   301   477    4982    (-,-) 
  drc_bufs163919/Y   -       A->Y  R     INVX1         12 35.3   536   371    5353    (-,-) 
  g160229/Y          -       B->Y  F     NAND2BX1       2  7.5   313   322    5675    (-,-) 
  g159929/Y          -       B0->Y R     OAI2BB1X1      1  4.6   125   163    5838    (-,-) 
  FP_x1_im_reg[13]/D -       -     R     DFFHQX1        1    -     -     0    5838    (-,-) 
#-------------------------------------------------------------------------------------------



Path 36: MET (4040 ps) Setup Check with Pin FP_x1_im_reg[12]/CK->D
          Group: clk
     Startpoint: (R) state_reg[1]/CK
          Clock: (R) clk
       Endpoint: (R) FP_x1_im_reg[12]/D
          Clock: (R) clk

                     Capture       Launch     
        Clock Edge:+   10000            0     
       Src Latency:+       0            0     
       Net Latency:+       0 (I)        0 (I) 
           Arrival:=   10000            0     
                                              
             Setup:-     122                  
     Required Time:=    9878                  
      Launch Clock:-       0                  
         Data Path:-    5838                  
             Slack:=    4040                  

#-------------------------------------------------------------------------------------------
#   Timing Point     Flags   Arc   Edge   Cell     Fanout Load Trans Delay Arrival Instance 
#                                                         (fF)  (ps)  (ps)   (ps)  Location 
#-------------------------------------------------------------------------------------------
  state_reg[1]/CK    -       -     R     (arrival)   1285    -     0     0       0    (-,-) 
  state_reg[1]/Q     -       CK->Q R     DFFRHQX1       4 12.3   201   344     344    (-,-) 
  g207872/Y          -       A->Y  F     NAND2X1        2  6.9   251   207     551    (-,-) 
  g207855/Y          -       AN->Y F     NAND2BX1       2  7.2   264   259     810    (-,-) 
  g207804/Y          -       B->Y  R     NOR2X1        14 39.1  1164   681    1491    (-,-) 
  g209896/Y          -       A->Y  F     INVX1         11 31.9   597   706    2197    (-,-) 
  g209888/Y          -       A->Y  R     INVX1         15 41.7   644   526    2723    (-,-) 
  g164023/Y          -       A->Y  F     INVX1          9 25.9   473   462    3185    (-,-) 
  g161689/Y          -       C->Y  F     OR3X1          2  7.2   157   344    3529    (-,-) 
  g161542/Y          -       B0->Y R     OAI21X1        2  7.5   302   121    3651    (-,-) 
  g163367/Y          -       B->Y  F     NOR2X1         3 10.3   208   208    3859    (-,-) 
  g163473/Y          -       B->Y  R     NOR2BX1       13 38.0  1135   647    4506    (-,-) 
  drc_bufs163255/Y   -       A->Y  F     INVX1          1  4.7   301   477    4982    (-,-) 
  drc_bufs163919/Y   -       A->Y  R     INVX1         12 35.3   536   371    5353    (-,-) 
  g160228/Y          -       B->Y  F     NAND2BX1       2  7.5   313   322    5675    (-,-) 
  g159928/Y          -       B0->Y R     OAI2BB1X1      1  4.6   125   163    5838    (-,-) 
  FP_x1_im_reg[12]/D -       -     R     DFFHQX1        1    -     -     0    5838    (-,-) 
#-------------------------------------------------------------------------------------------



Path 37: MET (4040 ps) Setup Check with Pin FP_x1_im_reg[11]/CK->D
          Group: clk
     Startpoint: (R) state_reg[1]/CK
          Clock: (R) clk
       Endpoint: (R) FP_x1_im_reg[11]/D
          Clock: (R) clk

                     Capture       Launch     
        Clock Edge:+   10000            0     
       Src Latency:+       0            0     
       Net Latency:+       0 (I)        0 (I) 
           Arrival:=   10000            0     
                                              
             Setup:-     122                  
     Required Time:=    9878                  
      Launch Clock:-       0                  
         Data Path:-    5838                  
             Slack:=    4040                  

#-------------------------------------------------------------------------------------------
#   Timing Point     Flags   Arc   Edge   Cell     Fanout Load Trans Delay Arrival Instance 
#                                                         (fF)  (ps)  (ps)   (ps)  Location 
#-------------------------------------------------------------------------------------------
  state_reg[1]/CK    -       -     R     (arrival)   1285    -     0     0       0    (-,-) 
  state_reg[1]/Q     -       CK->Q R     DFFRHQX1       4 12.3   201   344     344    (-,-) 
  g207872/Y          -       A->Y  F     NAND2X1        2  6.9   251   207     551    (-,-) 
  g207855/Y          -       AN->Y F     NAND2BX1       2  7.2   264   259     810    (-,-) 
  g207804/Y          -       B->Y  R     NOR2X1        14 39.1  1164   681    1491    (-,-) 
  g209896/Y          -       A->Y  F     INVX1         11 31.9   597   706    2197    (-,-) 
  g209888/Y          -       A->Y  R     INVX1         15 41.7   644   526    2723    (-,-) 
  g164023/Y          -       A->Y  F     INVX1          9 25.9   473   462    3185    (-,-) 
  g161689/Y          -       C->Y  F     OR3X1          2  7.2   157   344    3529    (-,-) 
  g161542/Y          -       B0->Y R     OAI21X1        2  7.5   302   121    3651    (-,-) 
  g163367/Y          -       B->Y  F     NOR2X1         3 10.3   208   208    3859    (-,-) 
  g163473/Y          -       B->Y  R     NOR2BX1       13 38.0  1135   647    4506    (-,-) 
  drc_bufs163255/Y   -       A->Y  F     INVX1          1  4.7   301   477    4982    (-,-) 
  drc_bufs163919/Y   -       A->Y  R     INVX1         12 35.3   536   371    5353    (-,-) 
  g160227/Y          -       B->Y  F     NAND2BX1       2  7.5   313   322    5675    (-,-) 
  g159927/Y          -       B0->Y R     OAI2BB1X1      1  4.6   125   163    5838    (-,-) 
  FP_x1_im_reg[11]/D -       -     R     DFFHQX1        1    -     -     0    5838    (-,-) 
#-------------------------------------------------------------------------------------------



Path 38: MET (4040 ps) Setup Check with Pin FP_x1_im_reg[5]/CK->D
          Group: clk
     Startpoint: (R) state_reg[1]/CK
          Clock: (R) clk
       Endpoint: (R) FP_x1_im_reg[5]/D
          Clock: (R) clk

                     Capture       Launch     
        Clock Edge:+   10000            0     
       Src Latency:+       0            0     
       Net Latency:+       0 (I)        0 (I) 
           Arrival:=   10000            0     
                                              
             Setup:-     122                  
     Required Time:=    9878                  
      Launch Clock:-       0                  
         Data Path:-    5838                  
             Slack:=    4040                  

#------------------------------------------------------------------------------------------
#   Timing Point    Flags   Arc   Edge   Cell     Fanout Load Trans Delay Arrival Instance 
#                                                        (fF)  (ps)  (ps)   (ps)  Location 
#------------------------------------------------------------------------------------------
  state_reg[1]/CK   -       -     R     (arrival)   1285    -     0     0       0    (-,-) 
  state_reg[1]/Q    -       CK->Q R     DFFRHQX1       4 12.3   201   344     344    (-,-) 
  g207872/Y         -       A->Y  F     NAND2X1        2  6.9   251   207     551    (-,-) 
  g207855/Y         -       AN->Y F     NAND2BX1       2  7.2   264   259     810    (-,-) 
  g207804/Y         -       B->Y  R     NOR2X1        14 39.1  1164   681    1491    (-,-) 
  g209896/Y         -       A->Y  F     INVX1         11 31.9   597   706    2197    (-,-) 
  g209888/Y         -       A->Y  R     INVX1         15 41.7   644   526    2723    (-,-) 
  g164023/Y         -       A->Y  F     INVX1          9 25.9   473   462    3185    (-,-) 
  g161689/Y         -       C->Y  F     OR3X1          2  7.2   157   344    3529    (-,-) 
  g161542/Y         -       B0->Y R     OAI21X1        2  7.5   302   121    3651    (-,-) 
  g163367/Y         -       B->Y  F     NOR2X1         3 10.3   208   208    3859    (-,-) 
  g163473/Y         -       B->Y  R     NOR2BX1       13 38.0  1135   647    4506    (-,-) 
  drc_bufs163255/Y  -       A->Y  F     INVX1          1  4.7   301   477    4982    (-,-) 
  drc_bufs163919/Y  -       A->Y  R     INVX1         12 35.3   536   371    5353    (-,-) 
  g160221/Y         -       B->Y  F     NAND2BX1       2  7.5   313   322    5675    (-,-) 
  g159921/Y         -       B0->Y R     OAI2BB1X1      1  4.6   125   163    5838    (-,-) 
  FP_x1_im_reg[5]/D -       -     R     DFFHQX1        1    -     -     0    5838    (-,-) 
#------------------------------------------------------------------------------------------



Path 39: MET (4040 ps) Setup Check with Pin FP_x1_im_reg[4]/CK->D
          Group: clk
     Startpoint: (R) state_reg[1]/CK
          Clock: (R) clk
       Endpoint: (R) FP_x1_im_reg[4]/D
          Clock: (R) clk

                     Capture       Launch     
        Clock Edge:+   10000            0     
       Src Latency:+       0            0     
       Net Latency:+       0 (I)        0 (I) 
           Arrival:=   10000            0     
                                              
             Setup:-     122                  
     Required Time:=    9878                  
      Launch Clock:-       0                  
         Data Path:-    5838                  
             Slack:=    4040                  

#------------------------------------------------------------------------------------------
#   Timing Point    Flags   Arc   Edge   Cell     Fanout Load Trans Delay Arrival Instance 
#                                                        (fF)  (ps)  (ps)   (ps)  Location 
#------------------------------------------------------------------------------------------
  state_reg[1]/CK   -       -     R     (arrival)   1285    -     0     0       0    (-,-) 
  state_reg[1]/Q    -       CK->Q R     DFFRHQX1       4 12.3   201   344     344    (-,-) 
  g207872/Y         -       A->Y  F     NAND2X1        2  6.9   251   207     551    (-,-) 
  g207855/Y         -       AN->Y F     NAND2BX1       2  7.2   264   259     810    (-,-) 
  g207804/Y         -       B->Y  R     NOR2X1        14 39.1  1164   681    1491    (-,-) 
  g209896/Y         -       A->Y  F     INVX1         11 31.9   597   706    2197    (-,-) 
  g209888/Y         -       A->Y  R     INVX1         15 41.7   644   526    2723    (-,-) 
  g164023/Y         -       A->Y  F     INVX1          9 25.9   473   462    3185    (-,-) 
  g161689/Y         -       C->Y  F     OR3X1          2  7.2   157   344    3529    (-,-) 
  g161542/Y         -       B0->Y R     OAI21X1        2  7.5   302   121    3651    (-,-) 
  g163367/Y         -       B->Y  F     NOR2X1         3 10.3   208   208    3859    (-,-) 
  g163473/Y         -       B->Y  R     NOR2BX1       13 38.0  1135   647    4506    (-,-) 
  drc_bufs163255/Y  -       A->Y  F     INVX1          1  4.7   301   477    4982    (-,-) 
  drc_bufs163919/Y  -       A->Y  R     INVX1         12 35.3   536   371    5353    (-,-) 
  g160220/Y         -       B->Y  F     NAND2BX1       2  7.5   313   322    5675    (-,-) 
  g159920/Y         -       B0->Y R     OAI2BB1X1      1  4.6   125   163    5838    (-,-) 
  FP_x1_im_reg[4]/D -       -     R     DFFHQX1        1    -     -     0    5838    (-,-) 
#------------------------------------------------------------------------------------------



Path 40: MET (4128 ps) Setup Check with Pin Divide_int_0_output_scale_r_reg[4]/CK->D
          Group: clk
     Startpoint: (R) state_reg[3]/CK
          Clock: (R) clk
       Endpoint: (R) Divide_int_0_output_scale_r_reg[4]/D
          Clock: (R) clk

                     Capture       Launch     
        Clock Edge:+   10000            0     
       Src Latency:+       0            0     
       Net Latency:+       0 (I)        0 (I) 
           Arrival:=   10000            0     
                                              
             Setup:-     131                  
     Required Time:=    9869                  
      Launch Clock:-       0                  
         Data Path:-    5742                  
             Slack:=    4128                  

#--------------------------------------------------------------------------------------------------------------------------
#                  Timing Point                    Flags    Arc   Edge   Cell     Fanout Load Trans Delay Arrival Instance 
#                                                                                        (fF)  (ps)  (ps)   (ps)  Location 
#--------------------------------------------------------------------------------------------------------------------------
  state_reg[3]/CK                                  -       -      R     (arrival)   1285    -     0     0       0    (-,-) 
  state_reg[3]/Q                                   -       CK->Q  F     DFFRX1         4 12.1   216   355     355    (-,-) 
  g136977__4733/Y                                  -       B->Y   F     OR2X1          4 12.4   222   254     609    (-,-) 
  g209600/Y                                        -       AN->Y  F     NAND3BX1       5 15.5   793   540    1148    (-,-) 
  g209592/Y                                        -       B->Y   R     NOR2X1        11 29.9   927   717    1866    (-,-) 
  g136961__1617/Y                                  -       A1->Y  F     AOI22X1        1  4.8   311   436    2302    (-,-) 
  g136956__4319/Y                                  -       B0->Y  R     OAI2BB1X1      3 10.4   200   202    2504    (-,-) 
  Divide_int_0_WALLACE_CSA_DUMMY_OP_groupi_g662/S  -       A->S   F     ADDHX1         1  5.0   108   262    2766    (-,-) 
  Divide_int_0_WALLACE_CSA_DUMMY_OP_groupi_g658/Y  -       B->Y   F     XNOR2X1        3  9.9   188   218    2983    (-,-) 
  Divide_int_0_WALLACE_CSA_DUMMY_OP_groupi_g646/Y  -       A1N->Y F     AOI2BB1X1      1  4.8   115   189    3172    (-,-) 
  Divide_int_0_WALLACE_CSA_DUMMY_OP_groupi_g645/Y  -       B0->Y  R     AOI21X1        2  7.2   248   166    3338    (-,-) 
  Divide_int_0_WALLACE_CSA_DUMMY_OP_groupi_g641/Y  -       A1N->Y R     OAI2BB1X1      1  4.8    98   219    3557    (-,-) 
  Divide_int_0_WALLACE_CSA_DUMMY_OP_groupi_g639/Y  -       B0->Y  F     OAI21X1        1  4.8   202   145    3702    (-,-) 
  Divide_int_0_WALLACE_CSA_DUMMY_OP_groupi_g636/Y  -       B0->Y  R     OAI21X1        1  4.8   185   119    3820    (-,-) 
  Divide_int_0_WALLACE_CSA_DUMMY_OP_groupi_g635/Y  -       B0->Y  F     OAI2BB1X1      2  6.9   253   203    4024    (-,-) 
  Divide_int_0_WALLACE_CSA_DUMMY_OP_groupi_g634/Y  -       A1N->Y F     AOI2BB1X1      1  4.5   100   207    4230    (-,-) 
  Divide_int_0_WALLACE_CSA_DUMMY_OP_groupi_g633/Y  -       B0->Y  F     AO21X1         1  5.8   118   171    4401    (-,-) 
  Divide_int_0_WALLACE_CSA_DUMMY_OP_groupi_g632/CO -       CI->CO F     ADDFX1         1  5.8   141   242    4643    (-,-) 
  Divide_int_0_WALLACE_CSA_DUMMY_OP_groupi_g631/CO -       CI->CO F     ADDFX1         1  5.8   142   250    4894    (-,-) 
  Divide_int_0_WALLACE_CSA_DUMMY_OP_groupi_g630/CO -       CI->CO F     ADDFX1         1  5.8   142   250    5144    (-,-) 
  Divide_int_0_WALLACE_CSA_DUMMY_OP_groupi_g629/CO -       CI->CO F     ADDFX1         1  5.8   142   250    5394    (-,-) 
  Divide_int_0_WALLACE_CSA_DUMMY_OP_groupi_g628/S  -       CI->S  R     ADDFX1         1  4.7   113   347    5742    (-,-) 
  Divide_int_0_output_scale_r_reg[4]/D             -       -      R     DFFRHQX1       1    -     -     0    5742    (-,-) 
#--------------------------------------------------------------------------------------------------------------------------



Path 41: MET (4159 ps) Setup Check with Pin r_cbrt_re_input_reg[31]/CK->D
          Group: clk
     Startpoint: (R) state_reg[3]/CK
          Clock: (R) clk
       Endpoint: (R) r_cbrt_re_input_reg[31]/D
          Clock: (R) clk

                     Capture       Launch     
        Clock Edge:+   10000            0     
       Src Latency:+       0            0     
       Net Latency:+       0 (I)        0 (I) 
           Arrival:=   10000            0     
                                              
             Setup:-     122                  
     Required Time:=    9878                  
      Launch Clock:-       0                  
         Data Path:-    5719                  
             Slack:=    4159                  

#--------------------------------------------------------------------------------------------------
#       Timing Point        Flags   Arc   Edge   Cell     Fanout Load Trans Delay Arrival Instance 
#                                                                (fF)  (ps)  (ps)   (ps)  Location 
#--------------------------------------------------------------------------------------------------
  state_reg[3]/CK           -       -     R     (arrival)   1285    -     0     0       0    (-,-) 
  state_reg[3]/Q            -       CK->Q F     DFFRX1         4 12.1   216   355     355    (-,-) 
  g136977__4733/Y           -       B->Y  F     OR2X1          4 12.4   222   254     609    (-,-) 
  g209600/Y                 -       AN->Y F     NAND3BX1       5 15.5   793   540    1148    (-,-) 
  g209938/Y                 -       A->Y  R     INVX1         13 37.9   606   572    1720    (-,-) 
  drc_bufs164139/Y          -       A->Y  F     INVX1         12 34.6   602   519    2239    (-,-) 
  g161929/Y                 -       B->Y  R     NOR2X1        11 29.6   908   651    2889    (-,-) 
  g163625/Y                 -       A->Y  F     INVX1          5 15.0   341   473    3362    (-,-) 
  g161306/Y                 -       A->Y  F     AND2X1         2  6.8   128   221    3583    (-,-) 
  g161133/Y                 -       A->Y  F     OR2X1          3  9.4   175   208    3791    (-,-) 
  g160307/Y                 -       B->Y  F     OR2XL          6 18.5   566   404    4195    (-,-) 
  g163951/Y                 -       A->Y  R     INVX1          4 12.5   258   307    4502    (-,-) 
  g159843/Y                 -       A->Y  R     OR2XL         13 36.8   960   607    5108    (-,-) 
  g159198/Y                 -       A1->Y F     AOI22X1        1  4.8   314   447    5556    (-,-) 
  g159017/Y                 -       B0->Y R     OAI2BB1X1      1  4.6   125   164    5719    (-,-) 
  r_cbrt_re_input_reg[31]/D -       -     R     DFFHQX1        1    -     -     0    5719    (-,-) 
#--------------------------------------------------------------------------------------------------



Path 42: MET (4159 ps) Setup Check with Pin r_cbrt_re_input_reg[22]/CK->D
          Group: clk
     Startpoint: (R) state_reg[3]/CK
          Clock: (R) clk
       Endpoint: (R) r_cbrt_re_input_reg[22]/D
          Clock: (R) clk

                     Capture       Launch     
        Clock Edge:+   10000            0     
       Src Latency:+       0            0     
       Net Latency:+       0 (I)        0 (I) 
           Arrival:=   10000            0     
                                              
             Setup:-     122                  
     Required Time:=    9878                  
      Launch Clock:-       0                  
         Data Path:-    5719                  
             Slack:=    4159                  

#--------------------------------------------------------------------------------------------------
#       Timing Point        Flags   Arc   Edge   Cell     Fanout Load Trans Delay Arrival Instance 
#                                                                (fF)  (ps)  (ps)   (ps)  Location 
#--------------------------------------------------------------------------------------------------
  state_reg[3]/CK           -       -     R     (arrival)   1285    -     0     0       0    (-,-) 
  state_reg[3]/Q            -       CK->Q F     DFFRX1         4 12.1   216   355     355    (-,-) 
  g136977__4733/Y           -       B->Y  F     OR2X1          4 12.4   222   254     609    (-,-) 
  g209600/Y                 -       AN->Y F     NAND3BX1       5 15.5   793   540    1148    (-,-) 
  g209938/Y                 -       A->Y  R     INVX1         13 37.9   606   572    1720    (-,-) 
  drc_bufs164139/Y          -       A->Y  F     INVX1         12 34.6   602   519    2239    (-,-) 
  g161929/Y                 -       B->Y  R     NOR2X1        11 29.6   908   651    2889    (-,-) 
  g163625/Y                 -       A->Y  F     INVX1          5 15.0   341   473    3362    (-,-) 
  g161306/Y                 -       A->Y  F     AND2X1         2  6.8   128   221    3583    (-,-) 
  g161133/Y                 -       A->Y  F     OR2X1          3  9.4   175   208    3791    (-,-) 
  g160307/Y                 -       B->Y  F     OR2XL          6 18.5   566   404    4195    (-,-) 
  g163951/Y                 -       A->Y  R     INVX1          4 12.5   258   307    4502    (-,-) 
  g159843/Y                 -       A->Y  R     OR2XL         13 36.8   960   607    5108    (-,-) 
  g159202/Y                 -       A1->Y F     AOI22X1        1  4.8   314   447    5556    (-,-) 
  g159047/Y                 -       B0->Y R     OAI2BB1X1      1  4.6   125   164    5719    (-,-) 
  r_cbrt_re_input_reg[22]/D -       -     R     DFFHQX1        1    -     -     0    5719    (-,-) 
#--------------------------------------------------------------------------------------------------



Path 43: MET (4159 ps) Setup Check with Pin r_cbrt_re_input_reg[21]/CK->D
          Group: clk
     Startpoint: (R) state_reg[3]/CK
          Clock: (R) clk
       Endpoint: (R) r_cbrt_re_input_reg[21]/D
          Clock: (R) clk

                     Capture       Launch     
        Clock Edge:+   10000            0     
       Src Latency:+       0            0     
       Net Latency:+       0 (I)        0 (I) 
           Arrival:=   10000            0     
                                              
             Setup:-     122                  
     Required Time:=    9878                  
      Launch Clock:-       0                  
         Data Path:-    5719                  
             Slack:=    4159                  

#--------------------------------------------------------------------------------------------------
#       Timing Point        Flags   Arc   Edge   Cell     Fanout Load Trans Delay Arrival Instance 
#                                                                (fF)  (ps)  (ps)   (ps)  Location 
#--------------------------------------------------------------------------------------------------
  state_reg[3]/CK           -       -     R     (arrival)   1285    -     0     0       0    (-,-) 
  state_reg[3]/Q            -       CK->Q F     DFFRX1         4 12.1   216   355     355    (-,-) 
  g136977__4733/Y           -       B->Y  F     OR2X1          4 12.4   222   254     609    (-,-) 
  g209600/Y                 -       AN->Y F     NAND3BX1       5 15.5   793   540    1148    (-,-) 
  g209938/Y                 -       A->Y  R     INVX1         13 37.9   606   572    1720    (-,-) 
  drc_bufs164139/Y          -       A->Y  F     INVX1         12 34.6   602   519    2239    (-,-) 
  g161929/Y                 -       B->Y  R     NOR2X1        11 29.6   908   651    2889    (-,-) 
  g163625/Y                 -       A->Y  F     INVX1          5 15.0   341   473    3362    (-,-) 
  g161306/Y                 -       A->Y  F     AND2X1         2  6.8   128   221    3583    (-,-) 
  g161133/Y                 -       A->Y  F     OR2X1          3  9.4   175   208    3791    (-,-) 
  g160307/Y                 -       B->Y  F     OR2XL          6 18.5   566   404    4195    (-,-) 
  g163951/Y                 -       A->Y  R     INVX1          4 12.5   258   307    4502    (-,-) 
  g159843/Y                 -       A->Y  R     OR2XL         13 36.8   960   607    5108    (-,-) 
  g159201/Y                 -       A1->Y F     AOI22X1        1  4.8   314   447    5556    (-,-) 
  g159046/Y                 -       B0->Y R     OAI2BB1X1      1  4.6   125   164    5719    (-,-) 
  r_cbrt_re_input_reg[21]/D -       -     R     DFFHQX1        1    -     -     0    5719    (-,-) 
#--------------------------------------------------------------------------------------------------



Path 44: MET (4159 ps) Setup Check with Pin r_cbrt_re_input_reg[20]/CK->D
          Group: clk
     Startpoint: (R) state_reg[3]/CK
          Clock: (R) clk
       Endpoint: (R) r_cbrt_re_input_reg[20]/D
          Clock: (R) clk

                     Capture       Launch     
        Clock Edge:+   10000            0     
       Src Latency:+       0            0     
       Net Latency:+       0 (I)        0 (I) 
           Arrival:=   10000            0     
                                              
             Setup:-     122                  
     Required Time:=    9878                  
      Launch Clock:-       0                  
         Data Path:-    5719                  
             Slack:=    4159                  

#--------------------------------------------------------------------------------------------------
#       Timing Point        Flags   Arc   Edge   Cell     Fanout Load Trans Delay Arrival Instance 
#                                                                (fF)  (ps)  (ps)   (ps)  Location 
#--------------------------------------------------------------------------------------------------
  state_reg[3]/CK           -       -     R     (arrival)   1285    -     0     0       0    (-,-) 
  state_reg[3]/Q            -       CK->Q F     DFFRX1         4 12.1   216   355     355    (-,-) 
  g136977__4733/Y           -       B->Y  F     OR2X1          4 12.4   222   254     609    (-,-) 
  g209600/Y                 -       AN->Y F     NAND3BX1       5 15.5   793   540    1148    (-,-) 
  g209938/Y                 -       A->Y  R     INVX1         13 37.9   606   572    1720    (-,-) 
  drc_bufs164139/Y          -       A->Y  F     INVX1         12 34.6   602   519    2239    (-,-) 
  g161929/Y                 -       B->Y  R     NOR2X1        11 29.6   908   651    2889    (-,-) 
  g163625/Y                 -       A->Y  F     INVX1          5 15.0   341   473    3362    (-,-) 
  g161306/Y                 -       A->Y  F     AND2X1         2  6.8   128   221    3583    (-,-) 
  g161133/Y                 -       A->Y  F     OR2X1          3  9.4   175   208    3791    (-,-) 
  g160307/Y                 -       B->Y  F     OR2XL          6 18.5   566   404    4195    (-,-) 
  g163951/Y                 -       A->Y  R     INVX1          4 12.5   258   307    4502    (-,-) 
  g159843/Y                 -       A->Y  R     OR2XL         13 36.8   960   607    5108    (-,-) 
  g159203/Y                 -       A1->Y F     AOI22X1        1  4.8   314   447    5556    (-,-) 
  g159045/Y                 -       B0->Y R     OAI2BB1X1      1  4.6   125   164    5719    (-,-) 
  r_cbrt_re_input_reg[20]/D -       -     R     DFFHQX1        1    -     -     0    5719    (-,-) 
#--------------------------------------------------------------------------------------------------



Path 45: MET (4159 ps) Setup Check with Pin r_cbrt_re_input_reg[17]/CK->D
          Group: clk
     Startpoint: (R) state_reg[3]/CK
          Clock: (R) clk
       Endpoint: (R) r_cbrt_re_input_reg[17]/D
          Clock: (R) clk

                     Capture       Launch     
        Clock Edge:+   10000            0     
       Src Latency:+       0            0     
       Net Latency:+       0 (I)        0 (I) 
           Arrival:=   10000            0     
                                              
             Setup:-     122                  
     Required Time:=    9878                  
      Launch Clock:-       0                  
         Data Path:-    5719                  
             Slack:=    4159                  

#--------------------------------------------------------------------------------------------------
#       Timing Point        Flags   Arc   Edge   Cell     Fanout Load Trans Delay Arrival Instance 
#                                                                (fF)  (ps)  (ps)   (ps)  Location 
#--------------------------------------------------------------------------------------------------
  state_reg[3]/CK           -       -     R     (arrival)   1285    -     0     0       0    (-,-) 
  state_reg[3]/Q            -       CK->Q F     DFFRX1         4 12.1   216   355     355    (-,-) 
  g136977__4733/Y           -       B->Y  F     OR2X1          4 12.4   222   254     609    (-,-) 
  g209600/Y                 -       AN->Y F     NAND3BX1       5 15.5   793   540    1148    (-,-) 
  g209938/Y                 -       A->Y  R     INVX1         13 37.9   606   572    1720    (-,-) 
  drc_bufs164139/Y          -       A->Y  F     INVX1         12 34.6   602   519    2239    (-,-) 
  g161929/Y                 -       B->Y  R     NOR2X1        11 29.6   908   651    2889    (-,-) 
  g163625/Y                 -       A->Y  F     INVX1          5 15.0   341   473    3362    (-,-) 
  g161306/Y                 -       A->Y  F     AND2X1         2  6.8   128   221    3583    (-,-) 
  g161133/Y                 -       A->Y  F     OR2X1          3  9.4   175   208    3791    (-,-) 
  g160307/Y                 -       B->Y  F     OR2XL          6 18.5   566   404    4195    (-,-) 
  g163951/Y                 -       A->Y  R     INVX1          4 12.5   258   307    4502    (-,-) 
  g159843/Y                 -       A->Y  R     OR2XL         13 36.8   960   607    5108    (-,-) 
  g159206/Y                 -       A1->Y F     AOI22X1        1  4.8   314   447    5556    (-,-) 
  g159042/Y                 -       B0->Y R     OAI2BB1X1      1  4.6   125   164    5719    (-,-) 
  r_cbrt_re_input_reg[17]/D -       -     R     DFFHQX1        1    -     -     0    5719    (-,-) 
#--------------------------------------------------------------------------------------------------



Path 46: MET (4159 ps) Setup Check with Pin r_cbrt_re_input_reg[16]/CK->D
          Group: clk
     Startpoint: (R) state_reg[3]/CK
          Clock: (R) clk
       Endpoint: (R) r_cbrt_re_input_reg[16]/D
          Clock: (R) clk

                     Capture       Launch     
        Clock Edge:+   10000            0     
       Src Latency:+       0            0     
       Net Latency:+       0 (I)        0 (I) 
           Arrival:=   10000            0     
                                              
             Setup:-     122                  
     Required Time:=    9878                  
      Launch Clock:-       0                  
         Data Path:-    5719                  
             Slack:=    4159                  

#--------------------------------------------------------------------------------------------------
#       Timing Point        Flags   Arc   Edge   Cell     Fanout Load Trans Delay Arrival Instance 
#                                                                (fF)  (ps)  (ps)   (ps)  Location 
#--------------------------------------------------------------------------------------------------
  state_reg[3]/CK           -       -     R     (arrival)   1285    -     0     0       0    (-,-) 
  state_reg[3]/Q            -       CK->Q F     DFFRX1         4 12.1   216   355     355    (-,-) 
  g136977__4733/Y           -       B->Y  F     OR2X1          4 12.4   222   254     609    (-,-) 
  g209600/Y                 -       AN->Y F     NAND3BX1       5 15.5   793   540    1148    (-,-) 
  g209938/Y                 -       A->Y  R     INVX1         13 37.9   606   572    1720    (-,-) 
  drc_bufs164139/Y          -       A->Y  F     INVX1         12 34.6   602   519    2239    (-,-) 
  g161929/Y                 -       B->Y  R     NOR2X1        11 29.6   908   651    2889    (-,-) 
  g163625/Y                 -       A->Y  F     INVX1          5 15.0   341   473    3362    (-,-) 
  g161306/Y                 -       A->Y  F     AND2X1         2  6.8   128   221    3583    (-,-) 
  g161133/Y                 -       A->Y  F     OR2X1          3  9.4   175   208    3791    (-,-) 
  g160307/Y                 -       B->Y  F     OR2XL          6 18.5   566   404    4195    (-,-) 
  g163951/Y                 -       A->Y  R     INVX1          4 12.5   258   307    4502    (-,-) 
  g159843/Y                 -       A->Y  R     OR2XL         13 36.8   960   607    5108    (-,-) 
  g159207/Y                 -       A1->Y F     AOI22X1        1  4.8   314   447    5556    (-,-) 
  g159041/Y                 -       B0->Y R     OAI2BB1X1      1  4.6   125   164    5719    (-,-) 
  r_cbrt_re_input_reg[16]/D -       -     R     DFFHQX1        1    -     -     0    5719    (-,-) 
#--------------------------------------------------------------------------------------------------



Path 47: MET (4159 ps) Setup Check with Pin r_cbrt_re_input_reg[15]/CK->D
          Group: clk
     Startpoint: (R) state_reg[3]/CK
          Clock: (R) clk
       Endpoint: (R) r_cbrt_re_input_reg[15]/D
          Clock: (R) clk

                     Capture       Launch     
        Clock Edge:+   10000            0     
       Src Latency:+       0            0     
       Net Latency:+       0 (I)        0 (I) 
           Arrival:=   10000            0     
                                              
             Setup:-     122                  
     Required Time:=    9878                  
      Launch Clock:-       0                  
         Data Path:-    5719                  
             Slack:=    4159                  

#--------------------------------------------------------------------------------------------------
#       Timing Point        Flags   Arc   Edge   Cell     Fanout Load Trans Delay Arrival Instance 
#                                                                (fF)  (ps)  (ps)   (ps)  Location 
#--------------------------------------------------------------------------------------------------
  state_reg[3]/CK           -       -     R     (arrival)   1285    -     0     0       0    (-,-) 
  state_reg[3]/Q            -       CK->Q F     DFFRX1         4 12.1   216   355     355    (-,-) 
  g136977__4733/Y           -       B->Y  F     OR2X1          4 12.4   222   254     609    (-,-) 
  g209600/Y                 -       AN->Y F     NAND3BX1       5 15.5   793   540    1148    (-,-) 
  g209938/Y                 -       A->Y  R     INVX1         13 37.9   606   572    1720    (-,-) 
  drc_bufs164139/Y          -       A->Y  F     INVX1         12 34.6   602   519    2239    (-,-) 
  g161929/Y                 -       B->Y  R     NOR2X1        11 29.6   908   651    2889    (-,-) 
  g163625/Y                 -       A->Y  F     INVX1          5 15.0   341   473    3362    (-,-) 
  g161306/Y                 -       A->Y  F     AND2X1         2  6.8   128   221    3583    (-,-) 
  g161133/Y                 -       A->Y  F     OR2X1          3  9.4   175   208    3791    (-,-) 
  g160307/Y                 -       B->Y  F     OR2XL          6 18.5   566   404    4195    (-,-) 
  g163951/Y                 -       A->Y  R     INVX1          4 12.5   258   307    4502    (-,-) 
  g159843/Y                 -       A->Y  R     OR2XL         13 36.8   960   607    5108    (-,-) 
  g159208/Y                 -       A1->Y F     AOI22X1        1  4.8   314   447    5556    (-,-) 
  g159040/Y                 -       B0->Y R     OAI2BB1X1      1  4.6   125   164    5719    (-,-) 
  r_cbrt_re_input_reg[15]/D -       -     R     DFFHQX1        1    -     -     0    5719    (-,-) 
#--------------------------------------------------------------------------------------------------



Path 48: MET (4159 ps) Setup Check with Pin r_cbrt_re_input_reg[14]/CK->D
          Group: clk
     Startpoint: (R) state_reg[3]/CK
          Clock: (R) clk
       Endpoint: (R) r_cbrt_re_input_reg[14]/D
          Clock: (R) clk

                     Capture       Launch     
        Clock Edge:+   10000            0     
       Src Latency:+       0            0     
       Net Latency:+       0 (I)        0 (I) 
           Arrival:=   10000            0     
                                              
             Setup:-     122                  
     Required Time:=    9878                  
      Launch Clock:-       0                  
         Data Path:-    5719                  
             Slack:=    4159                  

#--------------------------------------------------------------------------------------------------
#       Timing Point        Flags   Arc   Edge   Cell     Fanout Load Trans Delay Arrival Instance 
#                                                                (fF)  (ps)  (ps)   (ps)  Location 
#--------------------------------------------------------------------------------------------------
  state_reg[3]/CK           -       -     R     (arrival)   1285    -     0     0       0    (-,-) 
  state_reg[3]/Q            -       CK->Q F     DFFRX1         4 12.1   216   355     355    (-,-) 
  g136977__4733/Y           -       B->Y  F     OR2X1          4 12.4   222   254     609    (-,-) 
  g209600/Y                 -       AN->Y F     NAND3BX1       5 15.5   793   540    1148    (-,-) 
  g209938/Y                 -       A->Y  R     INVX1         13 37.9   606   572    1720    (-,-) 
  drc_bufs164139/Y          -       A->Y  F     INVX1         12 34.6   602   519    2239    (-,-) 
  g161929/Y                 -       B->Y  R     NOR2X1        11 29.6   908   651    2889    (-,-) 
  g163625/Y                 -       A->Y  F     INVX1          5 15.0   341   473    3362    (-,-) 
  g161306/Y                 -       A->Y  F     AND2X1         2  6.8   128   221    3583    (-,-) 
  g161133/Y                 -       A->Y  F     OR2X1          3  9.4   175   208    3791    (-,-) 
  g160307/Y                 -       B->Y  F     OR2XL          6 18.5   566   404    4195    (-,-) 
  g163951/Y                 -       A->Y  R     INVX1          4 12.5   258   307    4502    (-,-) 
  g159843/Y                 -       A->Y  R     OR2XL         13 36.8   960   607    5108    (-,-) 
  g159209/Y                 -       A1->Y F     AOI22X1        1  4.8   314   447    5556    (-,-) 
  g159039/Y                 -       B0->Y R     OAI2BB1X1      1  4.6   125   164    5719    (-,-) 
  r_cbrt_re_input_reg[14]/D -       -     R     DFFHQX1        1    -     -     0    5719    (-,-) 
#--------------------------------------------------------------------------------------------------



Path 49: MET (4159 ps) Setup Check with Pin r_cbrt_re_input_reg[13]/CK->D
          Group: clk
     Startpoint: (R) state_reg[3]/CK
          Clock: (R) clk
       Endpoint: (R) r_cbrt_re_input_reg[13]/D
          Clock: (R) clk

                     Capture       Launch     
        Clock Edge:+   10000            0     
       Src Latency:+       0            0     
       Net Latency:+       0 (I)        0 (I) 
           Arrival:=   10000            0     
                                              
             Setup:-     122                  
     Required Time:=    9878                  
      Launch Clock:-       0                  
         Data Path:-    5719                  
             Slack:=    4159                  

#--------------------------------------------------------------------------------------------------
#       Timing Point        Flags   Arc   Edge   Cell     Fanout Load Trans Delay Arrival Instance 
#                                                                (fF)  (ps)  (ps)   (ps)  Location 
#--------------------------------------------------------------------------------------------------
  state_reg[3]/CK           -       -     R     (arrival)   1285    -     0     0       0    (-,-) 
  state_reg[3]/Q            -       CK->Q F     DFFRX1         4 12.1   216   355     355    (-,-) 
  g136977__4733/Y           -       B->Y  F     OR2X1          4 12.4   222   254     609    (-,-) 
  g209600/Y                 -       AN->Y F     NAND3BX1       5 15.5   793   540    1148    (-,-) 
  g209938/Y                 -       A->Y  R     INVX1         13 37.9   606   572    1720    (-,-) 
  drc_bufs164139/Y          -       A->Y  F     INVX1         12 34.6   602   519    2239    (-,-) 
  g161929/Y                 -       B->Y  R     NOR2X1        11 29.6   908   651    2889    (-,-) 
  g163625/Y                 -       A->Y  F     INVX1          5 15.0   341   473    3362    (-,-) 
  g161306/Y                 -       A->Y  F     AND2X1         2  6.8   128   221    3583    (-,-) 
  g161133/Y                 -       A->Y  F     OR2X1          3  9.4   175   208    3791    (-,-) 
  g160307/Y                 -       B->Y  F     OR2XL          6 18.5   566   404    4195    (-,-) 
  g163951/Y                 -       A->Y  R     INVX1          4 12.5   258   307    4502    (-,-) 
  g159843/Y                 -       A->Y  R     OR2XL         13 36.8   960   607    5108    (-,-) 
  g159210/Y                 -       A1->Y F     AOI22X1        1  4.8   314   447    5556    (-,-) 
  g159038/Y                 -       B0->Y R     OAI2BB1X1      1  4.6   125   164    5719    (-,-) 
  r_cbrt_re_input_reg[13]/D -       -     R     DFFHQX1        1    -     -     0    5719    (-,-) 
#--------------------------------------------------------------------------------------------------



Path 50: MET (4159 ps) Setup Check with Pin r_cbrt_re_input_reg[6]/CK->D
          Group: clk
     Startpoint: (R) state_reg[3]/CK
          Clock: (R) clk
       Endpoint: (R) r_cbrt_re_input_reg[6]/D
          Clock: (R) clk

                     Capture       Launch     
        Clock Edge:+   10000            0     
       Src Latency:+       0            0     
       Net Latency:+       0 (I)        0 (I) 
           Arrival:=   10000            0     
                                              
             Setup:-     122                  
     Required Time:=    9878                  
      Launch Clock:-       0                  
         Data Path:-    5719                  
             Slack:=    4159                  

#-------------------------------------------------------------------------------------------------
#      Timing Point        Flags   Arc   Edge   Cell     Fanout Load Trans Delay Arrival Instance 
#                                                               (fF)  (ps)  (ps)   (ps)  Location 
#-------------------------------------------------------------------------------------------------
  state_reg[3]/CK          -       -     R     (arrival)   1285    -     0     0       0    (-,-) 
  state_reg[3]/Q           -       CK->Q F     DFFRX1         4 12.1   216   355     355    (-,-) 
  g136977__4733/Y          -       B->Y  F     OR2X1          4 12.4   222   254     609    (-,-) 
  g209600/Y                -       AN->Y F     NAND3BX1       5 15.5   793   540    1148    (-,-) 
  g209938/Y                -       A->Y  R     INVX1         13 37.9   606   572    1720    (-,-) 
  drc_bufs164139/Y         -       A->Y  F     INVX1         12 34.6   602   519    2239    (-,-) 
  g161929/Y                -       B->Y  R     NOR2X1        11 29.6   908   651    2889    (-,-) 
  g163625/Y                -       A->Y  F     INVX1          5 15.0   341   473    3362    (-,-) 
  g161306/Y                -       A->Y  F     AND2X1         2  6.8   128   221    3583    (-,-) 
  g161133/Y                -       A->Y  F     OR2X1          3  9.4   175   208    3791    (-,-) 
  g160307/Y                -       B->Y  F     OR2XL          6 18.5   566   404    4195    (-,-) 
  g163951/Y                -       A->Y  R     INVX1          4 12.5   258   307    4502    (-,-) 
  g159843/Y                -       A->Y  R     OR2XL         13 36.8   960   607    5108    (-,-) 
  g159217/Y                -       A1->Y F     AOI22X1        1  4.8   314   447    5556    (-,-) 
  g159031/Y                -       B0->Y R     OAI2BB1X1      1  4.6   125   164    5719    (-,-) 
  r_cbrt_re_input_reg[6]/D -       -     R     DFFHQX1        1    -     -     0    5719    (-,-) 
#-------------------------------------------------------------------------------------------------

